objectid,identifier,filename,publication,location,date,month_str,month_int,day,year,format,notes,collection
Alma_Record_September_16_1920_jpg,Alma_Record_September_16_1920_jpg,Alma_Record_September_16_1920.jpg,Alma Record,"Alma, Michigan, US",16/09/1920,September,09,16,1920,image/jpeg,,Alma Record
Alma_Record_September_16_1920_jpg,Alma_Record_September_16_1920_jpg,Alma_Record_September_16_1920.jpg,Alma Record,"Alma, Michigan, US",16/09/1920,September,09,16,1920,image/jpeg,,Alma Record
Battle_Creek_Enquirer_June_18_1928_jpg,Battle_Creek_Enquirer_June_18_1928_jpg,Battle_Creek_Enquirer_June_18_1928.jpg,Battle Creek Enquirer,"Battle Creek, Michigan, US",18/06/1928,June,06,18,1928,image/jpeg,,Battle Creek Enquirer
Battle_Creek_Enquirer_June_18_1928_jpg,Battle_Creek_Enquirer_June_18_1928_jpg,Battle_Creek_Enquirer_June_18_1928.jpg,Battle Creek Enquirer,"Battle Creek, Michigan, US",18/06/1928,June,06,18,1928,image/jpeg,,Battle Creek Enquirer
Battle_Creek_Enquirer_June_17_1928_jpg,Battle_Creek_Enquirer_June_17_1928_jpg,Battle_Creek_Enquirer_June_17_1928.jpg,Battle Creek Enquirer,"Battle Creek, Michigan, US",17/06/1928,June,06,17,1928,image/jpeg,,Battle Creek Enquirer
Calumet_News_April_16_1913_jpg,Calumet_News_April_16_1913_jpg,Calumet_News_April_16_1913.jpg,Calumet News,"Calumet, Michigan, US",16/04/1913,April,04,16,1913,image/jpeg,,Calumet News
Daily_Monitor_April_01_1941_jpg,Daily_Monitor_April_01_1941_jpg,Daily_Monitor_April_01_1941.jpg,Daily Monitor,"Mount Clemens, Michigan, US",01/04/1941,April,04,01,1941,image/jpeg,,Daily Monitor
Daily_Monitor_April_01_1941_jpg,Daily_Monitor_April_01_1941_jpg,Daily_Monitor_April_01_1941.jpg,Daily Monitor,"Mount Clemens, Michigan, US",01/04/1941,April,04,01,1941,image/jpeg,,Daily Monitor
Daily_Monitor_February_04_1941_jpg,Daily_Monitor_February_04_1941_jpg,Daily_Monitor_February_04_1941.jpg,Daily Monitor,"Mount Clemens, Michigan, US",04/02/1941,February,02,04,1941,image/jpeg,,Daily Monitor
Daily_Monitor_February_12_1941_jpg,Daily_Monitor_February_12_1941_jpg,Daily_Monitor_February_12_1941.jpg,Daily Monitor,"Mount Clemens, Michigan, US",12/02/1941,February,02,12,1941,image/jpeg,,Daily Monitor
Daily_Monitor_February_18_1941_jpg,Daily_Monitor_February_18_1941_jpg,Daily_Monitor_February_18_1941.jpg,Daily Monitor,"Mount Clemens, Michigan, US",18/02/1941,February,02,18,1941,image/jpeg,,Daily Monitor
Daily_Monitor_January_21_1941_jpg,Daily_Monitor_January_21_1941_jpg,Daily_Monitor_January_21_1941.jpg,Daily Monitor,"Mount Clemens, Michigan, US",21/01/1941,January,01,21,1941,image/jpeg,,Daily Monitor
Daily_Monitor_March_04_1941_jpg,Daily_Monitor_March_04_1941_jpg,Daily_Monitor_March_04_1941.jpg,Daily Monitor,"Mount Clemens, Michigan, US",04/03/1941,March,03,04,1941,image/jpeg,,Daily Monitor
Detroit_Times_June_15_1915_jpg,Detroit_Times_June_15_1915_jpg,Detroit_Times_June_15_1915.jpg,Detroit Times,"Detroit, Michigan, US",15/06/1915,June,06,15,1915,image/jpeg,,Detroit Times
Indianapolis_Times_April_20_1934_jpg,Indianapolis_Times_April_20_1934_jpg,Indianapolis_Times_April_20_1934.jpg,Indianapolis Times,"Indianapolis, Indiana, US",20/04/1934,April,04,20,1934,image/jpeg,,Indianapolis Times
Indianapolis_Times_February_20_1934_jpg,Indianapolis_Times_February_20_1934_jpg,Indianapolis_Times_February_20_1934.jpg,Indianapolis Times,"Indianapolis, Indiana, US",20/02/1934,February,02,20,1934,image/jpeg,,Indianapolis Times
Indianapolis_Times_January_19_1934_jpg,Indianapolis_Times_January_19_1934_jpg,Indianapolis_Times_January_19_1934.jpg,Indianapolis Times,"Indianapolis, Indiana, US",19/01/1934,January,01,19,1934,image/jpeg,,Indianapolis Times
Indianapolis_Times_March_09_1934_jpg,Indianapolis_Times_March_09_1934_jpg,Indianapolis_Times_March_09_1934.jpg,Indianapolis Times,"Indianapolis, Indiana, US",09/03/1934,March,03,09,1934,image/jpeg,,Indianapolis Times
Indianapolis_Times_May_11_1932_jpg,Indianapolis_Times_May_11_1932_jpg,Indianapolis_Times_May_11_1932.jpg,Indianapolis Times,"Indianapolis, Indiana, US",11/05/1932,May,05,11,1932,image/jpeg,,Indianapolis Times
Indianapolis_Times_November_08_1930_jpg,Indianapolis_Times_November_08_1930_jpg,Indianapolis_Times_November_08_1930.jpg,Indianapolis Times,"Indianapolis, Indiana, US",08/11/1930,November,11,08,1930,image/jpeg,,Indianapolis Times
Indianapolis_Times_September_12_1929_jpg,Indianapolis_Times_September_12_1929_jpg,Indianapolis_Times_September_12_1929.jpg,Indianapolis Times,"Indianapolis, Indiana, US",12/09/1929,September,09,12,1929,image/jpeg,,Indianapolis Times
Indianapolis_Times_September_27_1928_jpg,Indianapolis_Times_September_27_1928_jpg,Indianapolis_Times_September_27_1928.jpg,Indianapolis Times,"Indianapolis, Indiana, US",27/09/1928,September,09,27,1928,image/jpeg,,Indianapolis Times
Michigan_Chronicle_March_13_1943_jpg,Michigan_Chronicle_March_13_1943_jpg,Michigan_Chronicle_March_13_1943.jpg,Michigan Chronicle,"Detroit, Michigan, US",13/03/1943,March,03,13,1943,image/jpeg,,Michigan Chronicle
Richmond_Palladium_Sun_Telegram_February_06_1922_jpg,Richmond_Palladium_Sun_Telegram_February_06_1922_jpg,Richmond_Palladium_Sun_Telegram_February_06_1922.jpg,Richmond Palladium and Sun Telegram,"Richmond, Indiana, US",06/02/1922,February,02,06,1922,image/jpeg,,Richmond Palladium and Sun Telegram
Richmond_Palladium_Sun_Telegram_February_08_1922_jpg,Richmond_Palladium_Sun_Telegram_February_08_1922_jpg,Richmond_Palladium_Sun_Telegram_February_08_1922.jpg,Richmond Palladium and Sun Telegram,"Richmond, Indiana, US",08/02/1922,February,02,08,1922,image/jpeg,,Richmond Palladium and Sun Telegram
Richmond_Palladium_Sun_Telegram_February_09_1922_jpg,Richmond_Palladium_Sun_Telegram_February_09_1922_jpg,Richmond_Palladium_Sun_Telegram_February_09_1922.jpg,Richmond Palladium and Sun Telegram,"Richmond, Indiana, US",09/02/1922,February,02,09,1922,image/jpeg,,Richmond Palladium and Sun Telegram
Richmond_Palladium_Sun_Telegram_January_31_1922_jpg,Richmond_Palladium_Sun_Telegram_January_31_1922_jpg,Richmond_Palladium_Sun_Telegram_January_31_1922.jpg,Richmond Palladium and Sun Telegram,"Richmond, Indiana, US",31/01/1922,January,01,31,1922,image/jpeg,,Richmond Palladium and Sun Telegram
SB_News_Times_April_13_1914_jpg,SB_News_Times_April_13_1914_jpg,SB_News_Times_April_13_1914.jpg,South Bend News Times,"South Bend, Indiana, US",13/04/1914,April,04,13,1914,image/jpeg,,South Bend News Times
SB_News_Times_April_14_1919_jpg,SB_News_Times_April_14_1919_jpg,SB_News_Times_April_14_1919.jpg,South Bend News Times,"South Bend, Indiana, US",14/04/1919,April,04,14,1919,image/jpeg,,South Bend News Times
SB_News_Times_April_26_1917_jpg,SB_News_Times_April_26_1917_jpg,SB_News_Times_April_26_1917.jpg,South Bend News Times,"South Bend, Indiana, US",26/04/1917,April,04,26,1917,image/jpeg,,South Bend News Times
SB_News_Times_April_30_1926_jpg,SB_News_Times_April_30_1926_jpg,SB_News_Times_April_30_1926.jpg,South Bend News Times,"South Bend, Indiana, US",30/04/1926,April,04,30,1926,image/jpeg,,South Bend News Times
SB_News_Times_April_3_1917_jpg,SB_News_Times_April_3_1917_jpg,SB_News_Times_April_3_1917.jpg,South Bend News Times,"South Bend, Indiana, US",03/04/1917,April,04,03,1917,image/jpeg,,South Bend News Times
SB_News_Times_August_01_1920_jpg,SB_News_Times_August_01_1920_jpg,SB_News_Times_August_01_1920.jpg,South Bend News Times,"South Bend, Indiana, US",01/08/1920,August,08,01,1920,image/jpeg,,South Bend News Times
SB_News_Times_August_03_1916_jpg,SB_News_Times_August_03_1916_jpg,SB_News_Times_August_03_1916.jpg,South Bend News Times,"South Bend, Indiana, US",03/08/1916,August,08,03,1916,image/jpeg,,South Bend News Times
SB_News_Times_August_09_1913_jpg,SB_News_Times_August_09_1913_jpg,SB_News_Times_August_09_1913.jpg,South Bend News Times,"South Bend, Indiana, US",09/08/1913,August,08,09,1913,image/jpeg,,South Bend News Times
SB_News_Times_August_10_1921_jpg,SB_News_Times_August_10_1921_jpg,SB_News_Times_August_10_1921.jpg,South Bend News Times,"South Bend, Indiana, US",10/08/1921,August,08,10,1921,image/jpeg,,South Bend News Times
SB_News_Times_August_13_1922_jpg,SB_News_Times_August_13_1922_jpg,SB_News_Times_August_13_1922.jpg,South Bend News Times,"South Bend, Indiana, US",13/08/1922,August,08,13,1922,image/jpeg,,South Bend News Times
SB_News_Times_August_19_1920_jpg,SB_News_Times_August_19_1920_jpg,SB_News_Times_August_19_1920.jpg,South Bend News Times,"South Bend, Indiana, US",19/08/1920,August,08,19,1920,image/jpeg,,South Bend News Times
SB_News_Times_August_1_1920_jpg,SB_News_Times_August_1_1920_jpg,SB_News_Times_August_1_1920.jpg,South Bend News Times,"South Bend, Indiana, US",01/08/1920,August,08,01,1920,image/jpeg,,South Bend News Times
SB_News_Times_August_24_1922_jpg,SB_News_Times_August_24_1922_jpg,SB_News_Times_August_24_1922.jpg,South Bend News Times,"South Bend, Indiana, US",24/08/1922,August,08,24,1922,image/jpeg,,South Bend News Times
SB_News_Times_August_28_1914_jpg,SB_News_Times_August_28_1914_jpg,SB_News_Times_August_28_1914.jpg,South Bend News Times,"South Bend, Indiana, US",28/08/1914,August,08,28,1914,image/jpeg,,South Bend News Times
SB_News_Times_August_30_1916_jpg,SB_News_Times_August_30_1916_jpg,SB_News_Times_August_30_1916.jpg,South Bend News Times,"South Bend, Indiana, US",30/08/1916,August,08,30,1916,image/jpeg,,South Bend News Times
SB_News_Times_August_31_1919_jpg,SB_News_Times_August_31_1919_jpg,SB_News_Times_August_31_1919.jpg,South Bend News Times,"South Bend, Indiana, US",31/08/1919,August,08,31,1919,image/jpeg,,South Bend News Times
SB_News_Times_August_31_1921_jpg,SB_News_Times_August_31_1921_jpg,SB_News_Times_August_31_1921.jpg,South Bend News Times,"South Bend, Indiana, US",31/08/1921,August,08,31,1921,image/jpeg,,South Bend News Times
SB_News_Times_December_07_1918_jpg,SB_News_Times_December_07_1918_jpg,SB_News_Times_December_07_1918.jpg,South Bend News Times,"South Bend, Indiana, US",07/12/1918,December,12,07,1918,image/jpeg,,South Bend News Times
SB_News_Times_February_04_1918_jpg,SB_News_Times_February_04_1918_jpg,SB_News_Times_February_04_1918.jpg,South Bend News Times,"South Bend, Indiana, US",04/02/1918,February,02,04,1918,image/jpeg,,South Bend News Times
SB_News_Times_February_12_1919_jpg,SB_News_Times_February_12_1919_jpg,SB_News_Times_February_12_1919.jpg,South Bend News Times,"South Bend, Indiana, US",12/02/1919,February,02,12,1919,image/jpeg,,South Bend News Times
SB_News_Times_February_19_1917_jpg,SB_News_Times_February_19_1917_jpg,SB_News_Times_February_19_1917.jpg,South Bend News Times,"South Bend, Indiana, US",19/02/1917,February,02,19,1917,image/jpeg,,South Bend News Times
SB_News_Times_February_26_1922_jpg,SB_News_Times_February_26_1922_jpg,SB_News_Times_February_26_1922.jpg,South Bend News Times,"South Bend, Indiana, US",26/02/1922,February,02,26,1922,image/jpeg,,South Bend News Times
SB_News_Times_January_03_1914_jpg,SB_News_Times_January_03_1914_jpg,SB_News_Times_January_03_1914.jpg,South Bend News Times,"South Bend, Indiana, US",03/01/1914,January,01,03,1914,image/jpeg,,South Bend News Times
SB_News_Times_January_25_1922_jpg,SB_News_Times_January_25_1922_jpg,SB_News_Times_January_25_1922.jpg,South Bend News Times,"South Bend, Indiana, US",25/01/1922,January,01,25,1922,image/jpeg,,South Bend News Times
SB_News_Times_January_29_1922_jpg,SB_News_Times_January_29_1922_jpg,SB_News_Times_January_29_1922.jpg,South Bend News Times,"South Bend, Indiana, US",29/01/1922,January,01,29,1922,image/jpeg,,South Bend News Times
SB_News_Times_July_04_1913_jpg,SB_News_Times_July_04_1913_jpg,SB_News_Times_July_04_1913.jpg,South Bend News Times,"South Bend, Indiana, US",04/07/1913,July,07,04,1913,image/jpeg,,South Bend News Times
SB_News_Times_July_05_1913_jpg,SB_News_Times_July_05_1913_jpg,SB_News_Times_July_05_1913.jpg,South Bend News Times,"South Bend, Indiana, US",05/07/1913,July,07,05,1913,image/jpeg,,South Bend News Times
SB_News_Times_July_08_1914_jpg,SB_News_Times_July_08_1914_jpg,SB_News_Times_July_08_1914.jpg,South Bend News Times,"South Bend, Indiana, US",08/07/1914,July,07,08,1914,image/jpeg,,South Bend News Times
SB_News_Times_July_09_1914_jpg,SB_News_Times_July_09_1914_jpg,SB_News_Times_July_09_1914.jpg,South Bend News Times,"South Bend, Indiana, US",09/07/1914,July,07,09,1914,image/jpeg,,South Bend News Times
SB_News_Times_July_10_1913_jpg,SB_News_Times_July_10_1913_jpg,SB_News_Times_July_10_1913.jpg,South Bend News Times,"South Bend, Indiana, US",10/07/1913,July,07,10,1913,image/jpeg,,South Bend News Times
SB_News_Times_July_10_1914_jpg,SB_News_Times_July_10_1914_jpg,SB_News_Times_July_10_1914.jpg,South Bend News Times,"South Bend, Indiana, US",10/07/1914,July,07,10,1914,image/jpeg,,South Bend News Times
SB_News_Times_July_11_1913_jpg,SB_News_Times_July_11_1913_jpg,SB_News_Times_July_11_1913.jpg,South Bend News Times,"South Bend, Indiana, US",11/07/1913,July,07,11,1913,image/jpeg,,South Bend News Times
SB_News_Times_July_14_1914_jpg,SB_News_Times_July_14_1914_jpg,SB_News_Times_July_14_1914.jpg,South Bend News Times,"South Bend, Indiana, US",14/07/1914,July,07,14,1914,image/jpeg,,South Bend News Times
SB_News_Times_July_17_1914_jpg,SB_News_Times_July_17_1914_jpg,SB_News_Times_July_17_1914.jpg,South Bend News Times,"South Bend, Indiana, US",17/07/1914,July,07,17,1914,image/jpeg,,South Bend News Times
SB_News_Times_July_18_1920_jpg,SB_News_Times_July_18_1920_jpg,SB_News_Times_July_18_1920.jpg,South Bend News Times,"South Bend, Indiana, US",18/07/1920,July,07,18,1920,image/jpeg,,South Bend News Times
SB_News_Times_July_y_25_1913_pg10_jpg,SB_News_Times_July_y_25_1913_pg10_jpg,SB_News_Times_July_y_25_1913_pg10.jpg,South Bend News Times,"South Bend, Indiana, US",25/07/1913,July,07,25,1913,image/jpeg,Pg. 10,South Bend News Times
SB_News_Times_July_y_25_1913_pg6_jpg,SB_News_Times_July_y_25_1913_pg6_jpg,SB_News_Times_July_y_25_1913_pg6.jpg,South Bend News Times,"South Bend, Indiana, US",25/07/1913,July,07,25,1913,image/jpeg,Pg. 6,South Bend News Times
SB_News_Times_July_25_1920_jpg,SB_News_Times_July_25_1920_jpg,SB_News_Times_July_25_1920.jpg,South Bend News Times,"South Bend, Indiana, US",25/07/1920,July,07,25,1920,image/jpeg,,South Bend News Times
SB_News_Times_July_27_1921_jpg,SB_News_Times_July_27_1921_jpg,SB_News_Times_July_27_1921.jpg,South Bend News Times,"South Bend, Indiana, US",27/07/1921,July,07,27,1921,image/jpeg,,South Bend News Times
SB_News_Times_July_9_1914_jpg,SB_News_Times_July_9_1914_jpg,SB_News_Times_July_9_1914.jpg,South Bend News Times,"South Bend, Indiana, US",09/07/1914,July,07,09,1914,image/jpeg,,South Bend News Times
SB_News_Times_June_03_1922_jpg,SB_News_Times_June_03_1922_jpg,SB_News_Times_June_03_1922.jpg,South Bend News Times,"South Bend, Indiana, US",03/06/1922,June,06,03,1922,image/jpeg,,South Bend News Times
SB_News_Times_June_18_1922_jpg,SB_News_Times_June_18_1922_jpg,SB_News_Times_June_18_1922.jpg,South Bend News Times,"South Bend, Indiana, US",18/06/1922,June,06,18,1922,image/jpeg,,South Bend News Times
SB_News_Times_June_23_1922_jpg,SB_News_Times_June_23_1922_jpg,SB_News_Times_June_23_1922.jpg,South Bend News Times,"South Bend, Indiana, US",23/06/1922,June,06,23,1922,image/jpeg,,South Bend News Times
SB_News_Times_June_24_1917_jpg,SB_News_Times_June_24_1917_jpg,SB_News_Times_June_24_1917.jpg,South Bend News Times,"South Bend, Indiana, US",24/06/1917,June,06,24,1917,image/jpeg,,South Bend News Times
SB_News_Times_March_04_1920_jpg,SB_News_Times_March_04_1920_jpg,SB_News_Times_March_04_1920.jpg,South Bend News Times,"South Bend, Indiana, US",04/03/1920,March,03,04,1920,image/jpeg,,South Bend News Times
SB_News_Times_March_11_1919_jpg,SB_News_Times_March_11_1919_jpg,SB_News_Times_March_11_1919.jpg,South Bend News Times,"South Bend, Indiana, US",11/03/1919,March,03,11,1919,image/jpeg,,South Bend News Times
SB_News_Times_March_17_1914_jpg,SB_News_Times_March_17_1914_jpg,SB_News_Times_March_17_1914.jpg,South Bend News Times,"South Bend, Indiana, US",17/03/1914,March,03,17,1914,image/jpeg,,South Bend News Times
SB_News_Times_March_23_1914_jpg,SB_News_Times_March_23_1914_jpg,SB_News_Times_March_23_1914.jpg,South Bend News Times,"South Bend, Indiana, US",23/03/1914,March,03,23,1914,image/jpeg,,South Bend News Times
SB_News_Times_March_30_1914_jpg,SB_News_Times_March_30_1914_jpg,SB_News_Times_March_30_1914.jpg,South Bend News Times,"South Bend, Indiana, US",30/03/1914,March,03,30,1914,image/jpeg,,South Bend News Times
SB_News_Times_May_07_1914_jpg,SB_News_Times_May_07_1914_jpg,SB_News_Times_May_07_1914.jpg,South Bend News Times,"South Bend, Indiana, US",07/05/1914,May,05,07,1914,image/jpeg,,South Bend News Times
SB_News_Times_May_13_1917_jpg,SB_News_Times_May_13_1917_jpg,SB_News_Times_May_13_1917.jpg,South Bend News Times,"South Bend, Indiana, US",13/05/1917,May,05,13,1917,image/jpeg,,South Bend News Times
SB_News_Times_May_14_1917_jpg,SB_News_Times_May_14_1917_jpg,SB_News_Times_May_14_1917.jpg,South Bend News Times,"South Bend, Indiana, US",14/05/1917,May,05,14,1917,image/jpeg,,South Bend News Times
SB_News_Times_May_18_1917_jpg,SB_News_Times_May_18_1917_jpg,SB_News_Times_May_18_1917.jpg,South Bend News Times,"South Bend, Indiana, US",18/05/1917,May,05,18,1917,image/jpeg,,South Bend News Times
SB_News_Times_May_29_1914_jpg,SB_News_Times_May_29_1914_jpg,SB_News_Times_May_29_1914.jpg,South Bend News Times,"South Bend, Indiana, US",29/05/1914,May,05,29,1914,image/jpeg,,South Bend News Times
SB_News_Times_May_30_1920_jpg,SB_News_Times_May_30_1920_jpg,SB_News_Times_May_30_1920.jpg,South Bend News Times,"South Bend, Indiana, US",30/05/1920,May,05,30,1920,image/jpeg,,South Bend News Times
SB_News_Times_November_29_1913_jpg,SB_News_Times_November_29_1913_jpg,SB_News_Times_November_29_1913.jpg,South Bend News Times,"South Bend, Indiana, US",29/11/1913,November,11,29,1913,image/jpeg,,South Bend News Times
SB_News_Times_October_06_1913_jpg,SB_News_Times_October_06_1913_jpg,SB_News_Times_October_06_1913.jpg,South Bend News Times,"South Bend, Indiana, US",06/10/1913,October,10,06,1913,image/jpeg,,South Bend News Times
SB_News_Times_October_07_1918_jpg,SB_News_Times_October_07_1918_jpg,SB_News_Times_October_07_1918.jpg,South Bend News Times,"South Bend, Indiana, US",07/10/1918,October,10,07,1918,image/jpeg,,South Bend News Times
SB_News_Times_September_09_1915_jpg,SB_News_Times_September_09_1915_jpg,SB_News_Times_September_09_1915.jpg,South Bend News Times,"South Bend, Indiana, US",09/09/1915,September,09,09,1915,image/jpeg,,South Bend News Times
SB_News_Times_September_19_1916_jpg,SB_News_Times_September_19_1916_jpg,SB_News_Times_September_19_1916.jpg,South Bend News Times,"South Bend, Indiana, US",19/09/1916,September,09,19,1916,image/jpeg,,South Bend News Times
SB_News_Times_September_08_1921_jpg,SB_News_Times_September_08_1921_jpg,SB_News_Times_September_08_1921.jpg,South Bend News Times,"South Bend, Indiana, US",08/09/1921,September,09,08,1921,image/jpeg,,South Bend News Times
SB_News_Times_September_12_1919_jpg,SB_News_Times_September_12_1919_jpg,SB_News_Times_September_12_1919.jpg,South Bend News Times,"South Bend, Indiana, US",12/09/1919,September,09,12,1919,image/jpeg,,South Bend News Times
SB_News_Times_September_18_1919_jpg,SB_News_Times_September_18_1919_jpg,SB_News_Times_September_18_1919.jpg,South Bend News Times,"South Bend, Indiana, US",18/09/1919,September,09,18,1919,image/jpeg,,South Bend News Times
SB_News_Times_September_26_1927_jpg,SB_News_Times_September_26_1927_jpg,SB_News_Times_September_26_1927.jpg,South Bend News Times,"South Bend, Indiana, US",26/09/1927,September,09,26,1927,image/jpeg,,South Bend News Times
SB_New_Times_July_22_1938_jpg,SB_New_Times_July_22_1938_jpg,SB_New_Times_July_22_1938.jpg,South Bend News Times,"South Bend, Indiana, US",22/07/1938,July,07,22,1938,image/jpeg,,South Bend News Times
SB_New_Times_September_20_1916_jpg,SB_New_Times_September_20_1916_jpg,SB_New_Times_September_20_1916.jpg,South Bend News Times,"South Bend, Indiana, US",20/09/1916,September,09,20,1916,image/jpeg,,South Bend News Times
SB_Tribune_April_14_1902_jpg,SB_Tribune_April_14_1902_jpg,SB_Tribune_April_14_1902.jpg,South Bend Tribune,"South Bend, Indiana, US",14/04/1902,April,04,14,1902,image/jpeg,,South Bend Tribune
SB_Tribune_April_15_1902_jpg,SB_Tribune_April_15_1902_jpg,SB_Tribune_April_15_1902.jpg,South Bend Tribune,"South Bend, Indiana, US",15/04/1902,April,04,15,1902,image/jpeg,,South Bend Tribune
SB_Tribune_April_15_1904_jpg,SB_Tribune_April_15_1904_jpg,SB_Tribune_April_15_1904.jpg,South Bend Tribune,"South Bend, Indiana, US",15/04/1904,April,04,15,1904,image/jpeg,,South Bend Tribune
SB_Tribune_April_16_1902_jpg,SB_Tribune_April_16_1902_jpg,SB_Tribune_April_16_1902.jpg,South Bend Tribune,"South Bend, Indiana, US",16/04/1902,April,04,16,1902,image/jpeg,,South Bend Tribune
SB_Tribune_April_16_1904_jpg,SB_Tribune_April_16_1904_jpg,SB_Tribune_April_16_1904.jpg,South Bend Tribune,"South Bend, Indiana, US",16/04/1904,April,04,16,1904,image/jpeg,,South Bend Tribune
SB_Tribune_April_21_1899_jpg,SB_Tribune_April_21_1899_jpg,SB_Tribune_April_21_1899.jpg,South Bend Tribune,"South Bend, Indiana, US",21/04/1899,April,04,21,1899,image/jpeg,,South Bend Tribune
SB_Tribune_April_22_1903_jpg,SB_Tribune_April_22_1903_jpg,SB_Tribune_April_22_1903.jpg,South Bend Tribune,"South Bend, Indiana, US",22/04/1903,April,04,22,1903,image/jpeg,,South Bend Tribune
SB_Tribune_April_23_1903_jpg,SB_Tribune_April_23_1903_jpg,SB_Tribune_April_23_1903.jpg,South Bend Tribune,"South Bend, Indiana, US",23/04/1903,April,04,23,1903,image/jpeg,,South Bend Tribune
SB_Tribune_April_24_1902_jpg,SB_Tribune_April_24_1902_jpg,SB_Tribune_April_24_1902.jpg,South Bend Tribune,"South Bend, Indiana, US",24/04/1902,April,04,24,1902,image/jpeg,,South Bend Tribune
SB_Tribune_April_24_1903_jpg,SB_Tribune_April_24_1903_jpg,SB_Tribune_April_24_1903.jpg,South Bend Tribune,"South Bend, Indiana, US",24/04/1903,April,04,24,1903,image/jpeg,,South Bend Tribune
SB_Tribune_April_26_1902_jpg,SB_Tribune_April_26_1902_jpg,SB_Tribune_April_26_1902.jpg,South Bend Tribune,"South Bend, Indiana, US",26/04/1902,April,04,26,1902,image/jpeg,,South Bend Tribune
SB_Tribune_April_28_1902_jpg,SB_Tribune_April_28_1902_jpg,SB_Tribune_April_28_1902.jpg,South Bend Tribune,"South Bend, Indiana, US",28/04/1902,April,04,28,1902,image/jpeg,,South Bend Tribune
SB_Tribune_April_28_1903_jpg,SB_Tribune_April_28_1903_jpg,SB_Tribune_April_28_1903.jpg,South Bend Tribune,"South Bend, Indiana, US",28/04/1903,April,04,28,1903,image/jpeg,,South Bend Tribune
SB_Tribune_April_29_1899_jpg,SB_Tribune_April_29_1899_jpg,SB_Tribune_April_29_1899.jpg,South Bend Tribune,"South Bend, Indiana, US",29/04/1899,April,04,29,1899,image/jpeg,,South Bend Tribune
SB_Tribune_April_29_1903_jpg,SB_Tribune_April_29_1903_jpg,SB_Tribune_April_29_1903.jpg,South Bend Tribune,"South Bend, Indiana, US",29/04/1903,April,04,29,1903,image/jpeg,,South Bend Tribune
SB_Tribune_April_3_1903_jpg,SB_Tribune_April_3_1903_jpg,SB_Tribune_April_3_1903.jpg,South Bend Tribune,"South Bend, Indiana, US",03/04/1903,April,04,03,1903,image/jpeg,,South Bend Tribune
SB_Tribune_April_4_1902_jpg,SB_Tribune_April_4_1902_jpg,SB_Tribune_April_4_1902.jpg,South Bend Tribune,"South Bend, Indiana, US",04/04/1902,April,04,04,1902,image/jpeg,,South Bend Tribune
SB_Tribune_April_4_1903_jpg,SB_Tribune_April_4_1903_jpg,SB_Tribune_April_4_1903.jpg,South Bend Tribune,"South Bend, Indiana, US",04/04/1903,April,04,04,1903,image/jpeg,,South Bend Tribune
SB_Tribune_April_7_1902_jpg,SB_Tribune_April_7_1902_jpg,SB_Tribune_April_7_1902.jpg,South Bend Tribune,"South Bend, Indiana, US",07/04/1902,April,04,07,1902,image/jpeg,,South Bend Tribune
SB_Tribune_August_10_1903_jpg,SB_Tribune_August_10_1903_jpg,SB_Tribune_August_10_1903.jpg,South Bend Tribune,"South Bend, Indiana, US",10/08/1903,August,08,10,1903,image/jpeg,,South Bend Tribune
SB_Tribune_August_12_1902_jpg,SB_Tribune_August_12_1902_jpg,SB_Tribune_August_12_1902.jpg,South Bend Tribune,"South Bend, Indiana, US",12/08/1902,August,08,12,1902,image/jpeg,,South Bend Tribune
SB_Tribune_August_12_1903_3_jpg,SB_Tribune_August_12_1903_3_jpg,SB_Tribune_August_12_1903_3.jpg,South Bend Tribune,"South Bend, Indiana, US",12/08/1903,August,08,12,1903,image/jpeg,Pg. 3,South Bend Tribune
SB_Tribune_August_12_1903_7_jpg,SB_Tribune_August_12_1903_7_jpg,SB_Tribune_August_12_1903_7.jpg,South Bend Tribune,"South Bend, Indiana, US",12/08/1903,August,08,12,1903,image/jpeg,Pg. 7,South Bend Tribune
SB_Tribune_August_13_1903_jpg,SB_Tribune_August_13_1903_jpg,SB_Tribune_August_13_1903.jpg,South Bend Tribune,"South Bend, Indiana, US",13/08/1903,August,08,13,1903,image/jpeg,,South Bend Tribune
SB_Tribune_August_14_1902_jpg,SB_Tribune_August_14_1902_jpg,SB_Tribune_August_14_1902.jpg,South Bend Tribune,"South Bend, Indiana, US",14/08/1902,August,08,14,1902,image/jpeg,,South Bend Tribune
SB_Tribune_August_14_1903_jpg,SB_Tribune_August_14_1903_jpg,SB_Tribune_August_14_1903.jpg,South Bend Tribune,"South Bend, Indiana, US",14/08/1903,August,08,14,1903,image/jpeg,,South Bend Tribune
SB_Tribune_August_14_1919_jpg,SB_Tribune_August_14_1919_jpg,SB_Tribune_August_14_1919.jpg,South Bend Tribune,"South Bend, Indiana, US",14/08/1919,August,08,14,1919,image/jpeg,,South Bend Tribune
SB_Tribune_August_17_1940_jpg,SB_Tribune_August_17_1940_jpg,SB_Tribune_August_17_1940.jpg,South Bend Tribune,"South Bend, Indiana, US",17/08/1940,August,08,17,1940,image/jpeg,,South Bend Tribune
SB_Tribune_August_1_1903_jpg,SB_Tribune_August_1_1903_jpg,SB_Tribune_August_1_1903.jpg,South Bend Tribune,"South Bend, Indiana, US",01/08/1903,August,08,01,1903,image/jpeg,,South Bend Tribune
SB_Tribune_August_21_1902_jpg,SB_Tribune_August_21_1902_jpg,SB_Tribune_August_21_1902.jpg,South Bend Tribune,"South Bend, Indiana, US",21/08/1902,August,08,21,1902,image/jpeg,,South Bend Tribune
SB_Tribune_August_23_1902_jpg,SB_Tribune_August_23_1902_jpg,SB_Tribune_August_23_1902.jpg,South Bend Tribune,"South Bend, Indiana, US",23/08/1902,August,08,23,1902,image/jpeg,,South Bend Tribune
SB_Tribune_August_26_1902_jpg,SB_Tribune_August_26_1902_jpg,SB_Tribune_August_26_1902.jpg,South Bend Tribune,"South Bend, Indiana, US",26/08/1902,August,08,26,1902,image/jpeg,,South Bend Tribune
SB_Tribune_August_27_1898_jpg,SB_Tribune_August_27_1898_jpg,SB_Tribune_August_27_1898.jpg,South Bend Tribune,"South Bend, Indiana, US",27/08/1898,August,08,27,1898,image/jpeg,,South Bend Tribune
SB_Tribune_August_2_1902_jpg,SB_Tribune_August_2_1902_jpg,SB_Tribune_August_2_1902.jpg,South Bend Tribune,"South Bend, Indiana, US",02/08/1902,August,08,02,1902,image/jpeg,,South Bend Tribune
SB_Tribune_August_5_1901_3_jpg,SB_Tribune_August_5_1901_3_jpg,SB_Tribune_August_5_1901_3.jpg,South Bend Tribune,"South Bend, Indiana, US",05/08/1901,August,08,05,1901,image/jpeg,Pg. 3,South Bend Tribune
SB_Tribune_August_5_1901_5_jpg,SB_Tribune_August_5_1901_5_jpg,SB_Tribune_August_5_1901_5.jpg,South Bend Tribune,"South Bend, Indiana, US",05/08/1901,August,08,05,1901,image/jpeg,Pg. 5,South Bend Tribune
SB_Tribune_August_5_1902_jpg,SB_Tribune_August_5_1902_jpg,SB_Tribune_August_5_1902.jpg,South Bend Tribune,"South Bend, Indiana, US",05/08/1902,August,08,05,1902,image/jpeg,,South Bend Tribune
SB_Tribune_August_5_1903_jpg,SB_Tribune_August_5_1903_jpg,SB_Tribune_August_5_1903.jpg,South Bend Tribune,"South Bend, Indiana, US",05/08/1903,August,08,05,1903,image/jpeg,,South Bend Tribune
SB_Tribune_August_6_1903_jpg,SB_Tribune_August_6_1903_jpg,SB_Tribune_August_6_1903.jpg,South Bend Tribune,"South Bend, Indiana, US",06/08/1903,August,08,06,1903,image/jpeg,,South Bend Tribune
SB_Tribune_August_7_1902_jpg,SB_Tribune_August_7_1902_jpg,SB_Tribune_August_7_1902.jpg,South Bend Tribune,"South Bend, Indiana, US",07/08/1902,August,08,07,1902,image/jpeg,,South Bend Tribune
SB_Tribune_August_7_1903_jpg,SB_Tribune_August_7_1903_jpg,SB_Tribune_August_7_1903.jpg,South Bend Tribune,"South Bend, Indiana, US",07/08/1903,August,08,07,1903,image/jpeg,,South Bend Tribune
SB_Tribune_August_8_1902_jpg,SB_Tribune_August_8_1902_jpg,SB_Tribune_August_8_1902.jpg,South Bend Tribune,"South Bend, Indiana, US",08/08/1902,August,08,08,1902,image/jpeg,,South Bend Tribune
SB_Tribune_August_8_1903_jpg,SB_Tribune_August_8_1903_jpg,SB_Tribune_August_8_1903.jpg,South Bend Tribune,"South Bend, Indiana, US",08/08/1903,August,08,08,1903,image/jpeg,,South Bend Tribune
SB_Tribune_August_9_1902_jpg,SB_Tribune_August_9_1902_jpg,SB_Tribune_August_9_1902.jpg,South Bend Tribune,"South Bend, Indiana, US",09/08/1902,August,08,09,1902,image/jpeg,,South Bend Tribune
SB_Tribune_December_10_1900_3_jpg,SB_Tribune_December_10_1900_3_jpg,SB_Tribune_December_10_1900_3.jpg,South Bend Tribune,"South Bend, Indiana, US",10/12/1900,December,12,10,1900,image/jpeg,Pg. 3,South Bend Tribune
SB_Tribune_December_10_1900_5_jpg,SB_Tribune_December_10_1900_5_jpg,SB_Tribune_December_10_1900_5.jpg,South Bend Tribune,"South Bend, Indiana, US",10/12/1900,December,12,10,1900,image/jpeg,Pg. 5,South Bend Tribune
SB_Tribune_December_14_1903_jpg,SB_Tribune_December_14_1903_jpg,SB_Tribune_December_14_1903.jpg,South Bend Tribune,"South Bend, Indiana, US",14/12/1903,December,12,14,1903,image/jpeg,,South Bend Tribune
SB_Tribune_December_22_1903_jpg,SB_Tribune_December_22_1903_jpg,SB_Tribune_December_22_1903.jpg,South Bend Tribune,"South Bend, Indiana, US",22/12/1903,December,12,22,1903,image/jpeg,,South Bend Tribune
SB_Tribune_December_28_1903_jpg,SB_Tribune_December_28_1903_jpg,SB_Tribune_December_28_1903.jpg,South Bend Tribune,"South Bend, Indiana, US",28/12/1903,December,12,28,1903,image/jpeg,,South Bend Tribune
SB_Tribune_December_29_1902_jpg,SB_Tribune_December_29_1902_jpg,SB_Tribune_December_29_1902.jpg,South Bend Tribune,"South Bend, Indiana, US",29/12/1902,December,12,29,1902,image/jpeg,,South Bend Tribune
SB_Tribune_December_30_1902_jpg,SB_Tribune_December_30_1902_jpg,SB_Tribune_December_30_1902.jpg,South Bend Tribune,"South Bend, Indiana, US",30/12/1902,December,12,30,1902,image/jpeg,,South Bend Tribune
SB_Tribune_December_30_1903_jpg,SB_Tribune_December_30_1903_jpg,SB_Tribune_December_30_1903.jpg,South Bend Tribune,"South Bend, Indiana, US",30/12/1903,December,12,30,1903,image/jpeg,,South Bend Tribune
SB_Tribune_December_6_1901_jpg,SB_Tribune_December_6_1901_jpg,SB_Tribune_December_6_1901.jpg,South Bend Tribune,"South Bend, Indiana, US",06/12/1901,December,12,06,1901,image/jpeg,,South Bend Tribune
SB_Tribune_December_6_1918_jpg,SB_Tribune_December_6_1918_jpg,SB_Tribune_December_6_1918.jpg,South Bend Tribune,"South Bend, Indiana, US",06/12/1918,December,12,06,1918,image/jpeg,,South Bend Tribune
SB_Tribune_December_8_1887_jpg,SB_Tribune_December_8_1887_jpg,SB_Tribune_December_8_1887.jpg,South Bend Tribune,"South Bend, Indiana, US",08/12/1887,December,12,08,1887,image/jpeg,,South Bend Tribune
SB_Tribune_February_10_1902_jpg,SB_Tribune_February_10_1902_jpg,SB_Tribune_February_10_1902.jpg,South Bend Tribune,"South Bend, Indiana, US",10/02/1902,February,02,10,1902,image/jpeg,,South Bend Tribune
SB_Tribune_February_10_1903_jpg,SB_Tribune_February_10_1903_jpg,SB_Tribune_February_10_1903.jpg,South Bend Tribune,"South Bend, Indiana, US",10/02/1903,February,02,10,1903,image/jpeg,,South Bend Tribune
SB_Tribune_February_12_1902_jpg,SB_Tribune_February_12_1902_jpg,SB_Tribune_February_12_1902.jpg,South Bend Tribune,"South Bend, Indiana, US",12/02/1902,February,02,12,1902,image/jpeg,,South Bend Tribune
SB_Tribune_February_13_1903_jpg,SB_Tribune_February_13_1903_jpg,SB_Tribune_February_13_1903.jpg,South Bend Tribune,"South Bend, Indiana, US",13/02/1903,February,02,13,1903,image/jpeg,,South Bend Tribune
SB_Tribune_February_3_1903_jpg,SB_Tribune_February_3_1903_jpg,SB_Tribune_February_3_1903.jpg,South Bend Tribune,"South Bend, Indiana, US",03/02/1903,February,02,03,1903,image/jpeg,,South Bend Tribune
SB_Tribune_February_6_1900_jpg,SB_Tribune_February_6_1900_jpg,SB_Tribune_February_6_1900.jpg,South Bend Tribune,"South Bend, Indiana, US",06/02/1900,February,02,06,1900,image/jpeg,,South Bend Tribune
SB_Tribune_February_7_1903_jpg,SB_Tribune_February_7_1903_jpg,SB_Tribune_February_7_1903.jpg,South Bend Tribune,"South Bend, Indiana, US",07/02/1903,February,02,07,1903,image/jpeg,,South Bend Tribune
SB_Tribune_February_9_1903_3_jpg,SB_Tribune_February_9_1903_3_jpg,SB_Tribune_February_9_1903_3.jpg,South Bend Tribune,"South Bend, Indiana, US",09/02/1903,February,02,09,1903,image/jpeg,Pg. 3,South Bend Tribune
SB_Tribune_February_9_1903_front_jpg,SB_Tribune_February_9_1903_front_jpg,SB_Tribune_February_9_1903_front.jpg,South Bend Tribune,"South Bend, Indiana, US",09/02/1903,February,02,09,1903,image/jpeg,Front,South Bend Tribune
SB_Tribune_January_11_1904_jpg,SB_Tribune_January_11_1904_jpg,SB_Tribune_January_11_1904.jpg,South Bend Tribune,"South Bend, Indiana, US",11/01/1904,January,01,11,1904,image/jpeg,,South Bend Tribune
SB_Tribune_January_16_1904_jpg,SB_Tribune_January_16_1904_jpg,SB_Tribune_January_16_1904.jpg,South Bend Tribune,"South Bend, Indiana, US",16/01/1904,January,01,16,1904,image/jpeg,,South Bend Tribune
SB_Tribune_January_1_1904_jpg,SB_Tribune_January_1_1904_jpg,SB_Tribune_January_1_1904.jpg,South Bend Tribune,"South Bend, Indiana, US",01/01/1904,January,01,01,1904,image/jpeg,,South Bend Tribune
SB_Tribune_January_27_1903_jpg,SB_Tribune_January_27_1903_jpg,SB_Tribune_January_27_1903.jpg,South Bend Tribune,"South Bend, Indiana, US",27/01/1903,January,01,27,1903,image/jpeg,,South Bend Tribune
SB_Tribune_January_5_1903_jpg,SB_Tribune_January_5_1903_jpg,SB_Tribune_January_5_1903.jpg,South Bend Tribune,"South Bend, Indiana, US",05/01/1903,January,01,05,1903,image/jpeg,,South Bend Tribune
SB_Tribune_January_7_1903_jpg,SB_Tribune_January_7_1903_jpg,SB_Tribune_January_7_1903.jpg,South Bend Tribune,"South Bend, Indiana, US",07/01/1903,January,01,07,1903,image/jpeg,,South Bend Tribune
SB_Tribune_January_9_1903_jpg,SB_Tribune_January_9_1903_jpg,SB_Tribune_January_9_1903.jpg,South Bend Tribune,"South Bend, Indiana, US",09/01/1903,January,01,09,1903,image/jpeg,,South Bend Tribune
SB_Tribune_January_9_1904_jpg,SB_Tribune_January_9_1904_jpg,SB_Tribune_January_9_1904.jpg,South Bend Tribune,"South Bend, Indiana, US",09/01/1904,January,01,09,1904,image/jpeg,,South Bend Tribune
SB_Tribune_July_y_18_1926_clipped_jpg,SB_Tribune_July_y_18_1926_clipped_jpg,SB_Tribune_July_y_18_1926_clipped.jpg,South Bend Tribune,"South Bend, Indiana, US",18/07/1926,July,07,18,1926,image/jpeg,,South Bend Tribune
SB_Tribune_July_10_1901_jpg,SB_Tribune_July_10_1901_jpg,SB_Tribune_July_10_1901.jpg,South Bend Tribune,"South Bend, Indiana, US",10/07/1901,July,07,10,1901,image/jpeg,,South Bend Tribune
SB_Tribune_July_10_1903_jpg,SB_Tribune_July_10_1903_jpg,SB_Tribune_July_10_1903.jpg,South Bend Tribune,"South Bend, Indiana, US",10/07/1903,July,07,10,1903,image/jpeg,,South Bend Tribune
SB_Tribune_July_11_1902_jpg,SB_Tribune_July_11_1902_jpg,SB_Tribune_July_11_1902.jpg,South Bend Tribune,"South Bend, Indiana, US",11/07/1902,July,07,11,1902,image/jpeg,,South Bend Tribune
SB_Tribune_July_14_1902_jpg,SB_Tribune_July_14_1902_jpg,SB_Tribune_July_14_1902.jpg,South Bend Tribune,"South Bend, Indiana, US",14/07/1902,July,07,14,1902,image/jpeg,,South Bend Tribune
SB_Tribune_July_15_1902_jpg,SB_Tribune_July_15_1902_jpg,SB_Tribune_July_15_1902.jpg,South Bend Tribune,"South Bend, Indiana, US",15/07/1902,July,07,15,1902,image/jpeg,,South Bend Tribune
SB_Tribune_July_15_1903_jpg,SB_Tribune_July_15_1903_jpg,SB_Tribune_July_15_1903.jpg,South Bend Tribune,"South Bend, Indiana, US",15/07/1903,July,07,15,1903,image/jpeg,,South Bend Tribune
SB_Tribune_July_17_1903_jpg,SB_Tribune_July_17_1903_jpg,SB_Tribune_July_17_1903.jpg,South Bend Tribune,"South Bend, Indiana, US",17/07/1903,July,07,17,1903,image/jpeg,,South Bend Tribune
SB_Tribune_July_1_1901_jpg,SB_Tribune_July_1_1901_jpg,SB_Tribune_July_1_1901.jpg,South Bend Tribune,"South Bend, Indiana, US",01/07/1901,July,07,01,1901,image/jpeg,,South Bend Tribune
SB_Tribune_July_1_1902_jpg,SB_Tribune_July_1_1902_jpg,SB_Tribune_July_1_1902.jpg,South Bend Tribune,"South Bend, Indiana, US",01/07/1902,July,07,01,1902,image/jpeg,,South Bend Tribune
SB_Tribune_July_20_1903_jpg,SB_Tribune_July_20_1903_jpg,SB_Tribune_July_20_1903.jpg,South Bend Tribune,"South Bend, Indiana, US",20/07/1903,July,07,20,1903,image/jpeg,,South Bend Tribune
SB_Tribune_July_21_1902_jpg,SB_Tribune_July_21_1902_jpg,SB_Tribune_July_21_1902.jpg,South Bend Tribune,"South Bend, Indiana, US",21/07/1902,July,07,21,1902,image/jpeg,,South Bend Tribune
SB_Tribune_July_22_1903_jpg,SB_Tribune_July_22_1903_jpg,SB_Tribune_July_22_1903.jpg,South Bend Tribune,"South Bend, Indiana, US",22/07/1903,July,07,22,1903,image/jpeg,,South Bend Tribune
SB_Tribune_July_23_1902_jpg,SB_Tribune_July_23_1902_jpg,SB_Tribune_July_23_1902.jpg,South Bend Tribune,"South Bend, Indiana, US",23/07/1902,July,07,23,1902,image/jpeg,,South Bend Tribune
SB_Tribune_July_23_1903_jpg,SB_Tribune_July_23_1903_jpg,SB_Tribune_July_23_1903.jpg,South Bend Tribune,"South Bend, Indiana, US",23/07/1903,July,07,23,1903,image/jpeg,,South Bend Tribune
SB_Tribune_July_25_1940_jpg,SB_Tribune_July_25_1940_jpg,SB_Tribune_July_25_1940.jpg,South Bend Tribune,"South Bend, Indiana, US",25/07/1940,July,07,25,1940,image/jpeg,,South Bend Tribune
SB_Tribune_July_26_1901_jpg,SB_Tribune_July_26_1901_jpg,SB_Tribune_July_26_1901.jpg,South Bend Tribune,"South Bend, Indiana, US",26/07/1901,July,07,26,1901,image/jpeg,,South Bend Tribune
SB_Tribune_July_28_1919_jpg,SB_Tribune_July_28_1919_jpg,SB_Tribune_July_28_1919.jpg,South Bend Tribune,"South Bend, Indiana, US",28/07/1919,July,07,28,1919,image/jpeg,,South Bend Tribune
SB_Tribune_July_29_1901_jpg,SB_Tribune_July_29_1901_jpg,SB_Tribune_July_29_1901.jpg,South Bend Tribune,"South Bend, Indiana, US",29/07/1901,July,07,29,1901,image/jpeg,,South Bend Tribune
SB_Tribune_July_2_1901_jpg,SB_Tribune_July_2_1901_jpg,SB_Tribune_July_2_1901.jpg,South Bend Tribune,"South Bend, Indiana, US",02/07/1901,July,07,02,1901,image/jpeg,,South Bend Tribune
SB_Tribune_July_2_1903_jpg,SB_Tribune_July_2_1903_jpg,SB_Tribune_July_2_1903.jpg,South Bend Tribune,"South Bend, Indiana, US",02/07/1903,July,07,02,1903,image/jpeg,,South Bend Tribune
SB_Tribune_July_3_1945_jpg,SB_Tribune_July_3_1945_jpg,SB_Tribune_July_3_1945.jpg,South Bend Tribune,"South Bend, Indiana, US",03/07/1945,July,07,03,1945,image/jpeg,,South Bend Tribune
SB_Tribune_June_1_1926_clipped_jpg,SB_Tribune_June_1_1926_clipped_jpg,SB_Tribune_June_1_1926_clipped.jpg,South Bend Tribune,"South Bend, Indiana, US",01/06/1926,June,06,01,1926,image/jpeg,,South Bend Tribune
SB_Tribune_June_5_1913_clip_jpg,SB_Tribune_June_5_1913_clip_jpg,SB_Tribune_June_5_1913_clip.jpg,South Bend Tribune,"South Bend, Indiana, US",05/06/1913,June,06,05,1913,image/jpeg,,South Bend Tribune
SB_Tribune_June_11_1902_jpg,SB_Tribune_June_11_1902_jpg,SB_Tribune_June_11_1902.jpg,South Bend Tribune,"South Bend, Indiana, US",11/06/1902,June,06,11,1902,image/jpeg,,South Bend Tribune
SB_Tribune_June_11_1903_jpg,SB_Tribune_June_11_1903_jpg,SB_Tribune_June_11_1903.jpg,South Bend Tribune,"South Bend, Indiana, US",11/06/1903,June,06,11,1903,image/jpeg,,South Bend Tribune
SB_Tribune_June_12_1902_jpg,SB_Tribune_June_12_1902_jpg,SB_Tribune_June_12_1902.jpg,South Bend Tribune,"South Bend, Indiana, US",12/06/1902,June,06,12,1902,image/jpeg,,South Bend Tribune
SB_Tribune_June_13_1896_jpg,SB_Tribune_June_13_1896_jpg,SB_Tribune_June_13_1896.jpg,South Bend Tribune,"South Bend, Indiana, US",13/06/1896,June,06,13,1896,image/jpeg,,South Bend Tribune
SB_Tribune_June_18_1900_jpg,SB_Tribune_June_18_1900_jpg,SB_Tribune_June_18_1900.jpg,South Bend Tribune,"South Bend, Indiana, US",18/06/1900,June,06,18,1900,image/jpeg,,South Bend Tribune
SB_Tribune_June_18_1903_jpg,SB_Tribune_June_18_1903_jpg,SB_Tribune_June_18_1903.jpg,South Bend Tribune,"South Bend, Indiana, US",18/06/1903,June,06,18,1903,image/jpeg,,South Bend Tribune
SB_Tribune_June_18_1940_jpg,SB_Tribune_June_18_1940_jpg,SB_Tribune_June_18_1940.jpg,South Bend Tribune,"South Bend, Indiana, US",18/06/1940,June,06,18,1940,image/jpeg,,South Bend Tribune
SB_Tribune_June_1_1901_jpg,SB_Tribune_June_1_1901_jpg,SB_Tribune_June_1_1901.jpg,South Bend Tribune,"South Bend, Indiana, US",01/06/1901,June,06,01,1901,image/jpeg,,South Bend Tribune
SB_Tribune_June_23_1902_jpg,SB_Tribune_June_23_1902_jpg,SB_Tribune_June_23_1902.jpg,South Bend Tribune,"South Bend, Indiana, US",23/06/1902,June,06,23,1902,image/jpeg,,South Bend Tribune
SB_Tribune_June_24_1902_jpg,SB_Tribune_June_24_1902_jpg,SB_Tribune_June_24_1902.jpg,South Bend Tribune,"South Bend, Indiana, US",24/06/1902,June,06,24,1902,image/jpeg,,South Bend Tribune
SB_Tribune_June_25_1903_jpg,SB_Tribune_June_25_1903_jpg,SB_Tribune_June_25_1903.jpg,South Bend Tribune,"South Bend, Indiana, US",25/06/1903,June,06,25,1903,image/jpeg,,South Bend Tribune
SB_Tribune_June_27_1902_jpg,SB_Tribune_June_27_1902_jpg,SB_Tribune_June_27_1902.jpg,South Bend Tribune,"South Bend, Indiana, US",27/06/1902,June,06,27,1902,image/jpeg,,South Bend Tribune
SB_Tribune_June_28_1901_jpg,SB_Tribune_June_28_1901_jpg,SB_Tribune_June_28_1901.jpg,South Bend Tribune,"South Bend, Indiana, US",28/06/1901,June,06,28,1901,image/jpeg,,South Bend Tribune
SB_Tribune_June_28_1902_jpg,SB_Tribune_June_28_1902_jpg,SB_Tribune_June_28_1902.jpg,South Bend Tribune,"South Bend, Indiana, US",28/06/1902,June,06,28,1902,image/jpeg,,South Bend Tribune
SB_Tribune_June_2_1902_jpg,SB_Tribune_June_2_1902_jpg,SB_Tribune_June_2_1902.jpg,South Bend Tribune,"South Bend, Indiana, US",02/06/1902,June,06,02,1902,image/jpeg,,South Bend Tribune
SB_Tribune_June_30_1902_jpg,SB_Tribune_June_30_1902_jpg,SB_Tribune_June_30_1902.jpg,South Bend Tribune,"South Bend, Indiana, US",30/06/1902,June,06,30,1902,image/jpeg,,South Bend Tribune
SB_Tribune_June_3_1901_jpg,SB_Tribune_June_3_1901_jpg,SB_Tribune_June_3_1901.jpg,South Bend Tribune,"South Bend, Indiana, US",03/06/1901,June,06,03,1901,image/jpeg,,South Bend Tribune
SB_Tribune_June_3_1903_7_jpg,SB_Tribune_June_3_1903_7_jpg,SB_Tribune_June_3_1903_7.jpg,South Bend Tribune,"South Bend, Indiana, US",03/06/1903,June,06,03,1903,image/jpeg,Pg. 7,South Bend Tribune
SB_Tribune_June_3_1903_cover_jpg,SB_Tribune_June_3_1903_cover_jpg,SB_Tribune_June_3_1903_cover.jpg,South Bend Tribune,"South Bend, Indiana, US",03/06/1903,June,06,03,1903,image/jpeg,Cover,South Bend Tribune
SB_Tribune_June_5_1902_jpg,SB_Tribune_June_5_1902_jpg,SB_Tribune_June_5_1902.jpg,South Bend Tribune,"South Bend, Indiana, US",05/06/1902,June,06,05,1902,image/jpeg,,South Bend Tribune
SB_Tribune_June_6_1902_jpg,SB_Tribune_June_6_1902_jpg,SB_Tribune_June_6_1902.jpg,South Bend Tribune,"South Bend, Indiana, US",06/06/1902,June,06,06,1902,image/jpeg,,South Bend Tribune
SB_Tribune_June_6_1903_jpg,SB_Tribune_June_6_1903_jpg,SB_Tribune_June_6_1903.jpg,South Bend Tribune,"South Bend, Indiana, US",06/06/1903,June,06,06,1903,image/jpeg,,South Bend Tribune
SB_Tribune_June_7_1902_jpg,SB_Tribune_June_7_1902_jpg,SB_Tribune_June_7_1902.jpg,South Bend Tribune,"South Bend, Indiana, US",07/06/1902,June,06,07,1902,image/jpeg,,South Bend Tribune
SB_Tribune_June_7_1940_jpg,SB_Tribune_June_7_1940_jpg,SB_Tribune_June_7_1940.jpg,South Bend Tribune,"South Bend, Indiana, US",07/06/1940,June,06,07,1940,image/jpeg,,South Bend Tribune
SB_Tribune_June_9_1902_jpg,SB_Tribune_June_9_1902_jpg,SB_Tribune_June_9_1902.jpg,South Bend Tribune,"South Bend, Indiana, US",09/06/1902,June,06,09,1902,image/jpeg,,South Bend Tribune
SB_Tribune_June_9_1903_jpg,SB_Tribune_June_9_1903_jpg,SB_Tribune_June_9_1903.jpg,South Bend Tribune,"South Bend, Indiana, US",09/06/1903,June,06,09,1903,image/jpeg,,South Bend Tribune
SB_Tribune_March_16_1903_jpg,SB_Tribune_March_16_1903_jpg,SB_Tribune_March_16_1903.jpg,South Bend Tribune,"South Bend, Indiana, US",16/03/1903,March,03,16,1903,image/jpeg,,South Bend Tribune
SB_Tribune_March_18_1899_jpg,SB_Tribune_March_18_1899_jpg,SB_Tribune_March_18_1899.jpg,South Bend Tribune,"South Bend, Indiana, US",18/03/1899,March,03,18,1899,image/jpeg,,South Bend Tribune
SB_Tribune_March_29_1898_jpg,SB_Tribune_March_29_1898_jpg,SB_Tribune_March_29_1898.jpg,South Bend Tribune,"South Bend, Indiana, US",29/03/1898,March,03,29,1898,image/jpeg,,South Bend Tribune
SB_Tribune_March_2_1903_jpg,SB_Tribune_March_2_1903_jpg,SB_Tribune_March_2_1903.jpg,South Bend Tribune,"South Bend, Indiana, US",02/03/1903,March,03,02,1903,image/jpeg,,South Bend Tribune
SB_Tribune_March_3_1902_jpg,SB_Tribune_March_3_1902_jpg,SB_Tribune_March_3_1902.jpg,South Bend Tribune,"South Bend, Indiana, US",03/03/1902,March,03,03,1902,image/jpeg,,South Bend Tribune
SB_Tribune_March_4_1902_jpg,SB_Tribune_March_4_1902_jpg,SB_Tribune_March_4_1902.jpg,South Bend Tribune,"South Bend, Indiana, US",04/03/1902,March,03,04,1902,image/jpeg,,South Bend Tribune
SB_Tribune_March_7_1903_jpg,SB_Tribune_March_7_1903_jpg,SB_Tribune_March_7_1903.jpg,South Bend Tribune,"South Bend, Indiana, US",07/03/1903,March,03,07,1903,image/jpeg,,South Bend Tribune
SB_Tribune_March_9_1903_3_jpg,SB_Tribune_March_9_1903_3_jpg,SB_Tribune_March_9_1903_3.jpg,South Bend Tribune,"South Bend, Indiana, US",09/03/1903,March,03,09,1903,image/jpeg,Pg. 3,South Bend Tribune
SB_Tribune_March_9_1903_cover_jpg,SB_Tribune_March_9_1903_cover_jpg,SB_Tribune_March_9_1903_cover.jpg,South Bend Tribune,"South Bend, Indiana, US",09/03/1903,March,03,09,1903,image/jpeg,Cover,South Bend Tribune
SB_Tribune_May_10_1901_jpg,SB_Tribune_May_10_1901_jpg,SB_Tribune_May_10_1901.jpg,South Bend Tribune,"South Bend, Indiana, US",10/05/1901,May,05,10,1901,image/jpeg,,South Bend Tribune
SB_Tribune_May_10_1904_jpg,SB_Tribune_May_10_1904_jpg,SB_Tribune_May_10_1904.jpg,South Bend Tribune,"South Bend, Indiana, US",10/05/1904,May,05,10,1904,image/jpeg,,South Bend Tribune
SB_Tribune_May_11_1904_jpg,SB_Tribune_May_11_1904_jpg,SB_Tribune_May_11_1904.jpg,South Bend Tribune,"South Bend, Indiana, US",11/05/1904,May,05,11,1904,image/jpeg,,South Bend Tribune
SB_Tribune_May_12_1902_jpg,SB_Tribune_May_12_1902_jpg,SB_Tribune_May_12_1902.jpg,South Bend Tribune,"South Bend, Indiana, US",12/05/1902,May,05,12,1902,image/jpeg,,South Bend Tribune
SB_Tribune_May_12_1903_jpg,SB_Tribune_May_12_1903_jpg,SB_Tribune_May_12_1903.jpg,South Bend Tribune,"South Bend, Indiana, US",12/05/1903,May,05,12,1903,image/jpeg,,South Bend Tribune
SB_Tribune_May_13_1903_jpg,SB_Tribune_May_13_1903_jpg,SB_Tribune_May_13_1903.jpg,South Bend Tribune,"South Bend, Indiana, US",13/05/1903,May,05,13,1903,image/jpeg,,South Bend Tribune
SB_Tribune_May_14_1903_jpg,SB_Tribune_May_14_1903_jpg,SB_Tribune_May_14_1903.jpg,South Bend Tribune,"South Bend, Indiana, US",14/05/1903,May,05,14,1903,image/jpeg,,South Bend Tribune
SB_Tribune_May_14_1904_jpg,SB_Tribune_May_14_1904_jpg,SB_Tribune_May_14_1904.jpg,South Bend Tribune,"South Bend, Indiana, US",14/05/1904,May,05,14,1904,image/jpeg,,South Bend Tribune
SB_Tribune_May_15_1903_jpg,SB_Tribune_May_15_1903_jpg,SB_Tribune_May_15_1903.jpg,South Bend Tribune,"South Bend, Indiana, US",15/05/1903,May,05,15,1903,image/jpeg,,South Bend Tribune
SB_Tribune_May_16_1901_jpg,SB_Tribune_May_16_1901_jpg,SB_Tribune_May_16_1901.jpg,South Bend Tribune,"South Bend, Indiana, US",16/05/1901,May,05,16,1901,image/jpeg,,South Bend Tribune
SB_Tribune_May_16_1902_jpg,SB_Tribune_May_16_1902_jpg,SB_Tribune_May_16_1902.jpg,South Bend Tribune,"South Bend, Indiana, US",16/05/1902,May,05,16,1902,image/jpeg,,South Bend Tribune
SB_Tribune_May_21_1926_clipped_jpg,SB_Tribune_May_21_1926_clipped_jpg,SB_Tribune_May_21_1926_clipped.jpg,South Bend Tribune,"South Bend, Indiana, US",21/05/1926,May,05,21,1926,image/jpeg,,South Bend Tribune
SB_Tribune_May_23_1962_jpg,SB_Tribune_May_23_1962_jpg,SB_Tribune_May_23_1962.jpg,South Bend Tribune,"South Bend, Indiana, US",23/05/1962,May,05,23,1962,image/jpeg,,South Bend Tribune
SB_Tribune_May_2_1903_jpg,SB_Tribune_May_2_1903_jpg,SB_Tribune_May_2_1903.jpg,South Bend Tribune,"South Bend, Indiana, US",02/05/1903,May,05,02,1903,image/jpeg,,South Bend Tribune
SB_Tribune_May_2_1904_jpg,SB_Tribune_May_2_1904_jpg,SB_Tribune_May_2_1904.jpg,South Bend Tribune,"South Bend, Indiana, US",02/05/1904,May,05,02,1904,image/jpeg,,South Bend Tribune
SB_Tribune_May_30_1926_clipped_jpg,SB_Tribune_May_30_1926_clipped_jpg,SB_Tribune_May_30_1926_clipped.jpg,South Bend Tribune,"South Bend, Indiana, US",30/05/1926,May,05,30,1926,image/jpeg,,South Bend Tribune
SB_Tribune_May_3_1902_jpg,SB_Tribune_May_3_1902_jpg,SB_Tribune_May_3_1902.jpg,South Bend Tribune,"South Bend, Indiana, US",03/05/1902,May,05,03,1902,image/jpeg,,South Bend Tribune
SB_Tribune_May_6_1901_jpg,SB_Tribune_May_6_1901_jpg,SB_Tribune_May_6_1901.jpg,South Bend Tribune,"South Bend, Indiana, US",06/05/1901,May,05,06,1901,image/jpeg,,South Bend Tribune
SB_Tribune_May_6_1903_jpg,SB_Tribune_May_6_1903_jpg,SB_Tribune_May_6_1903.jpg,South Bend Tribune,"South Bend, Indiana, US",06/05/1903,May,05,06,1903,image/jpeg,,South Bend Tribune
SB_Tribune_May_7_1903_jpg,SB_Tribune_May_7_1903_jpg,SB_Tribune_May_7_1903.jpg,South Bend Tribune,"South Bend, Indiana, US",07/05/1903,May,05,07,1903,image/jpeg,,South Bend Tribune
SB_Tribune_May_8_1903_jpg,SB_Tribune_May_8_1903_jpg,SB_Tribune_May_8_1903.jpg,South Bend Tribune,"South Bend, Indiana, US",08/05/1903,May,05,08,1903,image/jpeg,,South Bend Tribune
SB_Tribune_May_8_1914_jpg,SB_Tribune_May_8_1914_jpg,SB_Tribune_May_8_1914.jpg,South Bend Tribune,"South Bend, Indiana, US",08/05/1914,May,05,08,1914,image/jpeg,,South Bend Tribune
SB_Tribune_October_01_1926_jpg,SB_Tribune_October_01_1926_jpg,SB_Tribune_October_01_1926.jpg,South Bend Tribune,"South Bend, Indiana, US",01/10/1926,October,10,01,1926,image/jpeg,,South Bend Tribune
SB_Tribune_October_19_1940_jpg,SB_Tribune_October_19_1940_jpg,SB_Tribune_October_19_1940.jpg,South Bend Tribune,"South Bend, Indiana, US",19/10/1940,October,10,19,1940,image/jpeg,,South Bend Tribune
SB_Tribune_October_3_1927_jpg,SB_Tribune_October_3_1927_jpg,SB_Tribune_October_3_1927.jpg,South Bend Tribune,"South Bend, Indiana, US",03/10/1927,October,10,03,1927,image/jpeg,,South Bend Tribune
SB_Tribune_September_19_1919_jpg,SB_Tribune_September_19_1919_jpg,SB_Tribune_September_19_1919.jpg,South Bend Tribune,"South Bend, Indiana, US",19/09/1919,September,09,19,1919,image/jpeg,,South Bend Tribune
SB_Tribune_September_22_1940_jpg,SB_Tribune_September_22_1940_jpg,SB_Tribune_September_22_1940.jpg,South Bend Tribune,"South Bend, Indiana, US",22/09/1940,September,09,22,1940,image/jpeg,,South Bend Tribune
SB_News_Times_August_20_1922_jpg,SB_News_Times_August_20_1922_jpg,SB_News_Times_August_20_1922.jpg,South Bend News Times,"South Bend, Indiana, US",20/08/1922,August,08,20,1922,image/jpeg,,South Bend News Times
Herald_Press_October_22_1926_jpg,Herald_Press_October_22_1926_jpg,Herald_Press_October_22_1926.jpg,Herald Press,"St. Joseph, Michigan, US",22/10/1926,October,10,22,1926,image/jpeg,,Herald Press
SB_Tribune_April_7_1911_jpg,SB_Tribune_April_7_1911_jpg,SB_Tribune_April_7_1911.jpg,South Bend Tribune,"South Bend, Indiana, US",07/04/1911,April,04,07,1911,image/jpeg,,South Bend Tribune
SB_Tribune_February_20_1903_jpg,SB_Tribune_February_20_1903_jpg,SB_Tribune_February_20_1903.jpg,South Bend Tribune,"South Bend, Indiana, US",20/02/1903,February,02,20,1903,image/jpeg,,South Bend Tribune
SB_Tribune_January_16_1903_jpg,SB_Tribune_January_16_1903_jpg,SB_Tribune_January_16_1903.jpg,South Bend Tribune,"South Bend, Indiana, US",16/01/1903,January,01,16,1903,image/jpeg,,South Bend Tribune
SB_Tribune_January_1_1904_(1)_jpg,SB_Tribune_January_1_1904_(1)_jpg,SB_Tribune_January_1_1904_(1).jpg,South Bend Tribune,"South Bend, Indiana, US",01/01/1904,January,01,01,1904,image/jpeg,,South Bend Tribune
SB_Tribune_July_3_1903_jpg,SB_Tribune_July_3_1903_jpg,SB_Tribune_July_3_1903.jpg,South Bend Tribune,"South Bend, Indiana, US",03/07/1903,July,07,03,1903,image/jpeg,,South Bend Tribune
SB_Tribune_June_16_1911_jpg,SB_Tribune_June_16_1911_jpg,SB_Tribune_June_16_1911.jpg,South Bend Tribune,"South Bend, Indiana, US",16/06/1911,June,06,16,1911,image/jpeg,,South Bend Tribune
SB_Tribune_June_19_1903_jpg,SB_Tribune_June_19_1903_jpg,SB_Tribune_June_19_1903.jpg,South Bend Tribune,"South Bend, Indiana, US",19/06/1903,June,06,19,1903,image/jpeg,,South Bend Tribune
SB_Tribune_May_20_1904_jpg,SB_Tribune_May_20_1904_jpg,SB_Tribune_May_20_1904.jpg,South Bend Tribune,"South Bend, Indiana, US",20/05/1904,May,05,20,1904,image/jpeg,,South Bend Tribune
SB_Tribune_May_22_1903_jpg,SB_Tribune_May_22_1903_jpg,SB_Tribune_May_22_1903.jpg,South Bend Tribune,"South Bend, Indiana, US",22/05/1903,May,05,22,1903,image/jpeg,,South Bend Tribune
SB_Tribune_May_2_1997_jpg,SB_Tribune_May_2_1997_jpg,SB_Tribune_May_2_1997.jpg,South Bend Tribune,"South Bend, Indiana, US",02/05/1997,May,05,02,1997,image/jpeg,,South Bend Tribune
SB_Tribune_September_11_1903_jpg,SB_Tribune_September_11_1903_jpg,SB_Tribune_September_11_1903.jpg,South Bend Tribune,"South Bend, Indiana, US",11/09/1903,September,09,11,1903,image/jpeg,,South Bend Tribune
SB_Tribune_April_11_1910_jpg,SB_Tribune_April_11_1910_jpg,SB_Tribune_April_11_1910.jpg,South Bend Tribune,"South Bend, Indiana, US",11/04/1910,April,04,11,1910,image/jpeg,,South Bend Tribune
SB_Tribune_April_13_1903_jpg,SB_Tribune_April_13_1903_jpg,SB_Tribune_April_13_1903.jpg,South Bend Tribune,"South Bend, Indiana, US",13/04/1903,April,04,13,1903,image/jpeg,,South Bend Tribune
SB_Tribune_April_27_1903_(1)_jpg,SB_Tribune_April_27_1903_(1)_jpg,SB_Tribune_April_27_1903_(1).jpg,South Bend Tribune,"South Bend, Indiana, US",27/04/1903,April,04,27,1903,image/jpeg,,South Bend Tribune
SB_Tribune_April_27_1903_jpg,SB_Tribune_April_27_1903_jpg,SB_Tribune_April_27_1903.jpg,South Bend Tribune,"South Bend, Indiana, US",27/04/1903,April,04,27,1903,image/jpeg,,South Bend Tribune
SB_Tribune_August_10_1903_(1)_jpg,SB_Tribune_August_10_1903_(1)_jpg,SB_Tribune_August_10_1903_(1).jpg,South Bend Tribune,"South Bend, Indiana, US",10/08/1903,August,08,10,1903,image/jpeg,,South Bend Tribune
SB_Tribune_August_10_1903_(2)_jpg,SB_Tribune_August_10_1903_(2)_jpg,SB_Tribune_August_10_1903_(2).jpg,South Bend Tribune,"South Bend, Indiana, US",10/08/1903,August,08,10,1903,image/jpeg,,South Bend Tribune
SB_Tribune_August_24_1903_jpg,SB_Tribune_August_24_1903_jpg,SB_Tribune_August_24_1903.jpg,South Bend Tribune,"South Bend, Indiana, US",24/08/1903,August,08,24,1903,image/jpeg,,South Bend Tribune
SB_Tribune_August_31_1903_(1)_jpg,SB_Tribune_August_31_1903_(1)_jpg,SB_Tribune_August_31_1903_(1).jpg,South Bend Tribune,"South Bend, Indiana, US",31/08/1903,August,08,31,1903,image/jpeg,,South Bend Tribune
SB_Tribune_August_31_1903_jpg,SB_Tribune_August_31_1903_jpg,SB_Tribune_August_31_1903.jpg,South Bend Tribune,"South Bend, Indiana, US",31/08/1903,August,08,31,1903,image/jpeg,,South Bend Tribune
SB_Tribune_August_7_1922_jpg,SB_Tribune_August_7_1922_jpg,SB_Tribune_August_7_1922.jpg,South Bend Tribune,"South Bend, Indiana, US",07/08/1922,August,08,07,1922,image/jpeg,,South Bend Tribune
SB_Tribune_December_19_1904_jpg,SB_Tribune_December_19_1904_jpg,SB_Tribune_December_19_1904.jpg,South Bend Tribune,"South Bend, Indiana, US",19/12/1904,December,12,19,1904,image/jpeg,,South Bend Tribune
SB_Tribune_December_26_1904_jpg,SB_Tribune_December_26_1904_jpg,SB_Tribune_December_26_1904.jpg,South Bend Tribune,"South Bend, Indiana, US",26/12/1904,December,12,26,1904,image/jpeg,,South Bend Tribune
SB_Tribune_February_2_1903_jpg,SB_Tribune_February_2_1903_jpg,SB_Tribune_February_2_1903.jpg,South Bend Tribune,"South Bend, Indiana, US",02/02/1903,February,02,02,1903,image/jpeg,,South Bend Tribune
SB_Tribune_January_12_1903_jpg,SB_Tribune_January_12_1903_jpg,SB_Tribune_January_12_1903.jpg,South Bend Tribune,"South Bend, Indiana, US",12/01/1903,January,01,12,1903,image/jpeg,,South Bend Tribune
SB_Tribune_January_25_1904_jpg,SB_Tribune_January_25_1904_jpg,SB_Tribune_January_25_1904.jpg,South Bend Tribune,"South Bend, Indiana, US",25/01/1904,January,01,25,1904,image/jpeg,,South Bend Tribune
SB_Tribune_January_4_1904_jpg,SB_Tribune_January_4_1904_jpg,SB_Tribune_January_4_1904.jpg,South Bend Tribune,"South Bend, Indiana, US",04/01/1904,January,01,04,1904,image/jpeg,,South Bend Tribune
SB_Tribune_July_11_1904_jpg,SB_Tribune_July_11_1904_jpg,SB_Tribune_July_11_1904.jpg,South Bend Tribune,"South Bend, Indiana, US",11/07/1904,July,07,11,1904,image/jpeg,,South Bend Tribune
SB_Tribune_July_13_1903_jpg,SB_Tribune_July_13_1903_jpg,SB_Tribune_July_13_1903.jpg,South Bend Tribune,"South Bend, Indiana, US",13/07/1903,July,07,13,1903,image/jpeg,,South Bend Tribune
SB_Tribune_July_27_1903_jpg,SB_Tribune_July_27_1903_jpg,SB_Tribune_July_27_1903.jpg,South Bend Tribune,"South Bend, Indiana, US",27/07/1903,July,07,27,1903,image/jpeg,,South Bend Tribune
SB_Tribune_June_1_1903_jpg,SB_Tribune_June_1_1903_jpg,SB_Tribune_June_1_1903.jpg,South Bend Tribune,"South Bend, Indiana, US",01/06/1903,June,06,01,1903,image/jpeg,,South Bend Tribune
SB_Tribune_June_8_1903_(1)_jpg,SB_Tribune_June_8_1903_(1)_jpg,SB_Tribune_June_8_1903_(1).jpg,South Bend Tribune,"South Bend, Indiana, US",08/06/1903,June,06,08,1903,image/jpeg,,South Bend Tribune
SB_Tribune_June_8_1903_jpg,SB_Tribune_June_8_1903_jpg,SB_Tribune_June_8_1903.jpg,South Bend Tribune,"South Bend, Indiana, US",08/06/1903,June,06,08,1903,image/jpeg,,South Bend Tribune
SB_Tribune_March_23_1903_jpg,SB_Tribune_March_23_1903_jpg,SB_Tribune_March_23_1903.jpg,South Bend Tribune,"South Bend, Indiana, US",23/03/1903,March,03,23,1903,image/jpeg,,South Bend Tribune
SB_Tribune_March_30_1903_(1)_jpg,SB_Tribune_March_30_1903_(1)_jpg,SB_Tribune_March_30_1903_(1).jpg,South Bend Tribune,"South Bend, Indiana, US",30/03/1903,March,03,30,1903,image/jpeg,,South Bend Tribune
SB_Tribune_March_30_1903_jpg,SB_Tribune_March_30_1903_jpg,SB_Tribune_March_30_1903.jpg,South Bend Tribune,"South Bend, Indiana, US",30/03/1903,March,03,30,1903,image/jpeg,,South Bend Tribune
SB_Tribune_May_30_1904_jpg,SB_Tribune_May_30_1904_jpg,SB_Tribune_May_30_1904.jpg,South Bend Tribune,"South Bend, Indiana, US",30/05/1904,May,05,30,1904,image/jpeg,,South Bend Tribune
SB_Tribune_October_5_1903_jpg,SB_Tribune_October_5_1903_jpg,SB_Tribune_October_5_1903.jpg,South Bend Tribune,"South Bend, Indiana, US",05/10/1903,October,10,05,1903,image/jpeg,,South Bend Tribune
SB_Tribune_September_3_2007_jpg,SB_Tribune_September_3_2007_jpg,SB_Tribune_September_3_2007.jpg,South Bend Tribune,"South Bend, Indiana, US",03/09/2007,September,09,03,2007,image/jpeg,,South Bend Tribune
SB_Tribune_April_11_1903_(1)_jpg,SB_Tribune_April_11_1903_(1)_jpg,SB_Tribune_April_11_1903_(1).jpg,South Bend Tribune,"South Bend, Indiana, US",11/04/1903,April,04,11,1903,image/jpeg,,South Bend Tribune
SB_Tribune_April_11_1903_jpg,SB_Tribune_April_11_1903_jpg,SB_Tribune_April_11_1903.jpg,South Bend Tribune,"South Bend, Indiana, US",11/04/1903,April,04,11,1903,image/jpeg,,South Bend Tribune
SB_Tribune_April_25_1903_(1)_jpg,SB_Tribune_April_25_1903_(1)_jpg,SB_Tribune_April_25_1903_(1).jpg,South Bend Tribune,"South Bend, Indiana, US",25/04/1903,April,04,25,1903,image/jpeg,,South Bend Tribune
SB_Tribune_April_25_1903_jpg,SB_Tribune_April_25_1903_jpg,SB_Tribune_April_25_1903.jpg,South Bend Tribune,"South Bend, Indiana, US",25/04/1903,April,04,25,1903,image/jpeg,,South Bend Tribune
SB_Tribune_April_9_1904_jpg,SB_Tribune_April_9_1904_jpg,SB_Tribune_April_9_1904.jpg,South Bend Tribune,"South Bend, Indiana, US",09/04/1904,April,04,09,1904,image/jpeg,,South Bend Tribune
SB_Tribune_August_13_1904_jpg,SB_Tribune_August_13_1904_jpg,SB_Tribune_August_13_1904.jpg,South Bend Tribune,"South Bend, Indiana, US",13/08/1904,August,08,13,1904,image/jpeg,,South Bend Tribune
SB_Tribune_August_29_1903_jpg,SB_Tribune_August_29_1903_jpg,SB_Tribune_August_29_1903.jpg,South Bend Tribune,"South Bend, Indiana, US",29/08/1903,August,08,29,1903,image/jpeg,,South Bend Tribune
SB_Tribune_August_8_1903_(2)_jpg,SB_Tribune_August_8_1903_(2)_jpg,SB_Tribune_August_8_1903_(2).jpg,South Bend Tribune,"South Bend, Indiana, US",08/08/1903,August,08,08,1903,image/jpeg,,South Bend Tribune
SB_Tribune_December_26_1903_jpg,SB_Tribune_December_26_1903_jpg,SB_Tribune_December_26_1903.jpg,South Bend Tribune,"South Bend, Indiana, US",26/12/1903,December,12,26,1903,image/jpeg,,South Bend Tribune
SB_Tribune_February_13_1904_jpg,SB_Tribune_February_13_1904_jpg,SB_Tribune_February_13_1904.jpg,South Bend Tribune,"South Bend, Indiana, US",13/02/1904,February,02,13,1904,image/jpeg,,South Bend Tribune
SB_Tribune_February_1_1908_jpg,SB_Tribune_February_1_1908_jpg,SB_Tribune_February_1_1908.jpg,South Bend Tribune,"South Bend, Indiana, US",01/02/1908,February,02,01,1908,image/jpeg,,South Bend Tribune
SB_Tribune_February_21_1903_jpg,SB_Tribune_February_21_1903_jpg,SB_Tribune_February_21_1903.jpg,South Bend Tribune,"South Bend, Indiana, US",21/02/1903,February,02,21,1903,image/jpeg,,South Bend Tribune
SB_Tribune_February_7_1903_(1)_jpg,SB_Tribune_February_7_1903_(1)_jpg,SB_Tribune_February_7_1903_(1).jpg,South Bend Tribune,"South Bend, Indiana, US",07/02/1903,February,02,07,1903,image/jpeg,,South Bend Tribune
SB_Tribune_January_17_1903_jpg,SB_Tribune_January_17_1903_jpg,SB_Tribune_January_17_1903.jpg,South Bend Tribune,"South Bend, Indiana, US",17/01/1903,January,01,17,1903,image/jpeg,,South Bend Tribune
SB_Tribune_January_3_1903_jpg,SB_Tribune_January_3_1903_jpg,SB_Tribune_January_3_1903.jpg,South Bend Tribune,"South Bend, Indiana, US",03/01/1903,January,01,03,1903,image/jpeg,,South Bend Tribune
SB_Tribune_July_11_1903_jpg,SB_Tribune_July_11_1903_jpg,SB_Tribune_July_11_1903.jpg,South Bend Tribune,"South Bend, Indiana, US",11/07/1903,July,07,11,1903,image/jpeg,,South Bend Tribune
SB_Tribune_July_16_1904_jpg,SB_Tribune_July_16_1904_jpg,SB_Tribune_July_16_1904.jpg,South Bend Tribune,"South Bend, Indiana, US",16/07/1904,July,07,16,1904,image/jpeg,,South Bend Tribune
SB_Tribune_July_18_1903_jpg,SB_Tribune_July_18_1903_jpg,SB_Tribune_July_18_1903.jpg,South Bend Tribune,"South Bend, Indiana, US",18/07/1903,July,07,18,1903,image/jpeg,,South Bend Tribune
SB_Tribune_July_30_1904_jpg,SB_Tribune_July_30_1904_jpg,SB_Tribune_July_30_1904.jpg,South Bend Tribune,"South Bend, Indiana, US",30/07/1904,July,07,30,1904,image/jpeg,,South Bend Tribune
SB_Tribune_June_18_1904_jpg,SB_Tribune_June_18_1904_jpg,SB_Tribune_June_18_1904.jpg,South Bend Tribune,"South Bend, Indiana, US",18/06/1904,June,06,18,1904,image/jpeg,,South Bend Tribune
SB_Tribune_June_27_1903_jpg,SB_Tribune_June_27_1903_jpg,SB_Tribune_June_27_1903.jpg,South Bend Tribune,"South Bend, Indiana, US",27/06/1903,June,06,27,1903,image/jpeg,,South Bend Tribune
SB_Tribune_March_14_1903_jpg,SB_Tribune_March_14_1903_jpg,SB_Tribune_March_14_1903.jpg,South Bend Tribune,"South Bend, Indiana, US",14/03/1903,March,03,14,1903,image/jpeg,,South Bend Tribune
SB_Tribune_March_4_1911_(1)_jpg,SB_Tribune_March_4_1911_(1)_jpg,SB_Tribune_March_4_1911_(1).jpg,South Bend Tribune,"South Bend, Indiana, US",04/03/1911,March,03,04,1911,image/jpeg,,South Bend Tribune
SB_Tribune_March_4_1911_jpg,SB_Tribune_March_4_1911_jpg,SB_Tribune_March_4_1911.jpg,South Bend Tribune,"South Bend, Indiana, US",04/03/1911,March,03,04,1911,image/jpeg,,South Bend Tribune
SB_Tribune_May_21_1904_jpg,SB_Tribune_May_21_1904_jpg,SB_Tribune_May_21_1904.jpg,South Bend Tribune,"South Bend, Indiana, US",21/05/1904,May,05,21,1904,image/jpeg,,South Bend Tribune
SB_Tribune_May_23_1903_jpg,SB_Tribune_May_23_1903_jpg,SB_Tribune_May_23_1903.jpg,South Bend Tribune,"South Bend, Indiana, US",23/05/1903,May,05,23,1903,image/jpeg,,South Bend Tribune
SB_Tribune_May_8_1909_jpg,SB_Tribune_May_8_1909_jpg,SB_Tribune_May_8_1909.jpg,South Bend Tribune,"South Bend, Indiana, US",08/05/1909,May,05,08,1909,image/jpeg,,South Bend Tribune
SB_Tribune_October_24_1903_jpg,SB_Tribune_October_24_1903_jpg,SB_Tribune_October_24_1903.jpg,South Bend Tribune,"South Bend, Indiana, US",24/10/1903,October,10,24,1903,image/jpeg,,South Bend Tribune
SB_Tribune_September_5_1903_jpg,SB_Tribune_September_5_1903_jpg,SB_Tribune_September_5_1903.jpg,South Bend Tribune,"South Bend, Indiana, US",05/09/1903,September,09,05,1903,image/jpeg,,South Bend Tribune
SB_Tribune_April_9_1992_jpg,SB_Tribune_April_9_1992_jpg,SB_Tribune_April_9_1992.jpg,South Bend Tribune,"South Bend, Indiana, US",09/04/1992,April,04,09,1992,image/jpeg,,South Bend Tribune
SB_Tribune_August_18_1904_jpg,SB_Tribune_August_18_1904_jpg,SB_Tribune_August_18_1904.jpg,South Bend Tribune,"South Bend, Indiana, US",18/08/1904,August,08,18,1904,image/jpeg,,South Bend Tribune
SB_Tribune_December_8_1904_jpg,SB_Tribune_December_8_1904_jpg,SB_Tribune_December_8_1904.jpg,South Bend Tribune,"South Bend, Indiana, US",08/12/1904,December,12,08,1904,image/jpeg,,South Bend Tribune
SB_Tribune_February_5_1903_jpg,SB_Tribune_February_5_1903_jpg,SB_Tribune_February_5_1903.jpg,South Bend Tribune,"South Bend, Indiana, US",05/02/1903,February,02,05,1903,image/jpeg,,South Bend Tribune
SB_Tribune_January_1_1903_(1)_jpg,SB_Tribune_January_1_1903_(1)_jpg,SB_Tribune_January_1_1903_(1).jpg,South Bend Tribune,"South Bend, Indiana, US",01/01/1903,January,01,01,1903,image/jpeg,,South Bend Tribune
SB_Tribune_January_1_1903_jpg,SB_Tribune_January_1_1903_jpg,SB_Tribune_January_1_1903.jpg,South Bend Tribune,"South Bend, Indiana, US",01/01/1903,January,01,01,1903,image/jpeg,,South Bend Tribune
SB_Tribune_January_27_1910_(1)_jpg,SB_Tribune_January_27_1910_(1)_jpg,SB_Tribune_January_27_1910_(1).jpg,South Bend Tribune,"South Bend, Indiana, US",27/01/1910,January,01,27,1910,image/jpeg,,South Bend Tribune
SB_Tribune_January_27_1910_jpg,SB_Tribune_January_27_1910_jpg,SB_Tribune_January_27_1910.jpg,South Bend Tribune,"South Bend, Indiana, US",27/01/1910,January,01,27,1910,image/jpeg,,South Bend Tribune
SB_Tribune_January_28_1904_jpg,SB_Tribune_January_28_1904_jpg,SB_Tribune_January_28_1904.jpg,South Bend Tribune,"South Bend, Indiana, US",28/01/1904,January,01,28,1904,image/jpeg,,South Bend Tribune
SB_Tribune_July_16_1903_jpg,SB_Tribune_July_16_1903_jpg,SB_Tribune_July_16_1903.jpg,South Bend Tribune,"South Bend, Indiana, US",16/07/1903,July,07,16,1903,image/jpeg,,South Bend Tribune
SB_Tribune_July_22_1909_jpg,SB_Tribune_July_22_1909_jpg,SB_Tribune_July_22_1909.jpg,South Bend Tribune,"South Bend, Indiana, US",22/07/1909,July,07,22,1909,image/jpeg,,South Bend Tribune
SB_Tribune_July_y_23_1903_(1)_jpg,SB_Tribune_July_y_23_1903_(1)_jpg,SB_Tribune_July_y_23_1903_(1).jpg,South Bend Tribune,"South Bend, Indiana, US",23/07/1903,July,07,23,1903,image/jpeg,,South Bend Tribune
SB_Tribune_June_22_1905_jpg,SB_Tribune_June_22_1905_jpg,SB_Tribune_June_22_1905.jpg,South Bend Tribune,"South Bend, Indiana, US",22/06/1905,June,06,22,1905,image/jpeg,,South Bend Tribune
SB_Tribune_June_30_1910_jpg,SB_Tribune_June_30_1910_jpg,SB_Tribune_June_30_1910.jpg,South Bend Tribune,"South Bend, Indiana, US",30/06/1910,June,06,30,1910,image/jpeg,,South Bend Tribune
SB_Tribune_March_19_1903_jpg,SB_Tribune_March_19_1903_jpg,SB_Tribune_March_19_1903.jpg,South Bend Tribune,"South Bend, Indiana, US",19/03/1903,March,03,19,1903,image/jpeg,,South Bend Tribune
SB_Tribune_May_21_1903_jpg,SB_Tribune_May_21_1903_jpg,SB_Tribune_May_21_1903.jpg,South Bend Tribune,"South Bend, Indiana, US",21/05/1903,May,05,21,1903,image/jpeg,,South Bend Tribune
SB_Tribune_October_29_1903_(1)_jpg,SB_Tribune_October_29_1903_(1)_jpg,SB_Tribune_October_29_1903_(1).jpg,South Bend Tribune,"South Bend, Indiana, US",29/10/1903,October,10,29,1903,image/jpeg,,South Bend Tribune
SB_Tribune_September_10_1903_jpg,SB_Tribune_September_10_1903_jpg,SB_Tribune_September_10_1903.jpg,South Bend Tribune,"South Bend, Indiana, US",10/09/1903,September,09,10,1903,image/jpeg,,South Bend Tribune
SB_Tribune_September_3_1903_jpg,SB_Tribune_September_3_1903_jpg,SB_Tribune_September_3_1903.jpg,South Bend Tribune,"South Bend, Indiana, US",03/09/1903,September,09,03,1903,image/jpeg,,South Bend Tribune
SB_Tribune_April_14_1903_jpg,SB_Tribune_April_14_1903_jpg,SB_Tribune_April_14_1903.jpg,South Bend Tribune,"South Bend, Indiana, US",14/04/1903,April,04,14,1903,image/jpeg,,South Bend Tribune
SB_Tribune_December_27_1904_jpg,SB_Tribune_December_27_1904_jpg,SB_Tribune_December_27_1904.jpg,South Bend Tribune,"South Bend, Indiana, US",27/12/1904,December,12,27,1904,image/jpeg,,South Bend Tribune
SB_Tribune_January_12_1904_jpg,SB_Tribune_January_12_1904_jpg,SB_Tribune_January_12_1904.jpg,South Bend Tribune,"South Bend, Indiana, US",12/01/1904,January,01,12,1904,image/jpeg,,South Bend Tribune
SB_Tribune_January_5_1904_jpg,SB_Tribune_January_5_1904_jpg,SB_Tribune_January_5_1904.jpg,South Bend Tribune,"South Bend, Indiana, US",05/01/1904,January,01,05,1904,image/jpeg,,South Bend Tribune
SB_Tribune_July_14_1903_jpg,SB_Tribune_July_14_1903_jpg,SB_Tribune_July_14_1903.jpg,South Bend Tribune,"South Bend, Indiana, US",14/07/1903,July,07,14,1903,image/jpeg,,South Bend Tribune
SB_Tribune_June_2_1903_jpg,SB_Tribune_June_2_1903_jpg,SB_Tribune_June_2_1903.jpg,South Bend Tribune,"South Bend, Indiana, US",02/06/1903,June,06,02,1903,image/jpeg,,South Bend Tribune
SB_Tribune_June_30_1903_jpg,SB_Tribune_June_30_1903_jpg,SB_Tribune_June_30_1903.jpg,South Bend Tribune,"South Bend, Indiana, US",30/06/1903,June,06,30,1903,image/jpeg,,South Bend Tribune
SB_Tribune_March_31_1903_(1)_jpg,SB_Tribune_March_31_1903_(1)_jpg,SB_Tribune_March_31_1903_(1).jpg,South Bend Tribune,"South Bend, Indiana, US",31/03/1903,March,03,31,1903,image/jpeg,,South Bend Tribune
SB_Tribune_March_31_1903_jpg,SB_Tribune_March_31_1903_jpg,SB_Tribune_March_31_1903.jpg,South Bend Tribune,"South Bend, Indiana, US",31/03/1903,March,03,31,1903,image/jpeg,,South Bend Tribune
SB_Tribune_May_31_1904_jpg,SB_Tribune_May_31_1904_jpg,SB_Tribune_May_31_1904.jpg,South Bend Tribune,"South Bend, Indiana, US",31/05/1904,May,05,31,1904,image/jpeg,,South Bend Tribune
SB_Tribune_May_3_1904_jpg,SB_Tribune_May_3_1904_jpg,SB_Tribune_May_3_1904.jpg,South Bend Tribune,"South Bend, Indiana, US",03/05/1904,May,05,03,1904,image/jpeg,,South Bend Tribune
SB_Tribune_November_15_1904_jpg,SB_Tribune_November_15_1904_jpg,SB_Tribune_November_15_1904.jpg,South Bend Tribune,"South Bend, Indiana, US",15/11/1904,November,11,15,1904,image/jpeg,,South Bend Tribune
SB_Tribune_October_6_1903_jpg,SB_Tribune_October_6_1903_jpg,SB_Tribune_October_6_1903.jpg,South Bend Tribune,"South Bend, Indiana, US",06/10/1903,October,10,06,1903,image/jpeg,,South Bend Tribune
SB_Tribune_September_15_1903_jpg,SB_Tribune_September_15_1903_jpg,SB_Tribune_September_15_1903.jpg,South Bend Tribune,"South Bend, Indiana, US",15/09/1903,September,09,15,1903,image/jpeg,,South Bend Tribune
SB_Tribune_September_20_1904_jpg,SB_Tribune_September_20_1904_jpg,SB_Tribune_September_20_1904.jpg,South Bend Tribune,"South Bend, Indiana, US",20/09/1904,September,09,20,1904,image/jpeg,,South Bend Tribune
SB_Tribune_September_8_1903_jpg,SB_Tribune_September_8_1903_jpg,SB_Tribune_September_8_1903.jpg,South Bend Tribune,"South Bend, Indiana, US",08/09/1903,September,09,08,1903,image/jpeg,,South Bend Tribune
SB_Tribune_April_13_1904_jpg,SB_Tribune_April_13_1904_jpg,SB_Tribune_April_13_1904.jpg,South Bend Tribune,"South Bend, Indiana, US",13/04/1904,April,04,13,1904,image/jpeg,,South Bend Tribune
SB_Tribune_April_15_1903_jpg,SB_Tribune_April_15_1903_jpg,SB_Tribune_April_15_1903.jpg,South Bend Tribune,"South Bend, Indiana, US",15/04/1903,April,04,15,1903,image/jpeg,,South Bend Tribune
SB_Tribune_August_17_1904_jpg,SB_Tribune_August_17_1904_jpg,SB_Tribune_August_17_1904.jpg,South Bend Tribune,"South Bend, Indiana, US",17/08/1904,August,08,17,1904,image/jpeg,,South Bend Tribune
SB_Tribune_December_8_1909_jpg,SB_Tribune_December_8_1909_jpg,SB_Tribune_December_8_1909.jpg,South Bend Tribune,"South Bend, Indiana, US",08/12/1909,December,12,08,1909,image/jpeg,,South Bend Tribune
SB_Tribune_January_11_1905_jpg,SB_Tribune_January_11_1905_jpg,SB_Tribune_January_11_1905.jpg,South Bend Tribune,"South Bend, Indiana, US",11/01/1905,January,01,11,1905,image/jpeg,,South Bend Tribune
SB_Tribune_January_13_1904_jpg,SB_Tribune_January_13_1904_jpg,SB_Tribune_January_13_1904.jpg,South Bend Tribune,"South Bend, Indiana, US",13/01/1904,January,01,13,1904,image/jpeg,,South Bend Tribune
SB_Tribune_January_27_1904_jpg,SB_Tribune_January_27_1904_jpg,SB_Tribune_January_27_1904.jpg,South Bend Tribune,"South Bend, Indiana, US",27/01/1904,January,01,27,1904,image/jpeg,,South Bend Tribune
SB_Tribune_January_6_1904_jpg,SB_Tribune_January_6_1904_jpg,SB_Tribune_January_6_1904.jpg,South Bend Tribune,"South Bend, Indiana, US",06/01/1904,January,01,06,1904,image/jpeg,,South Bend Tribune
SB_Tribune_July_3_1991_jpg,SB_Tribune_July_3_1991_jpg,SB_Tribune_July_3_1991.jpg,South Bend Tribune,"South Bend, Indiana, US",03/07/1991,July,07,03,1991,image/jpeg,,South Bend Tribune
SB_Tribune_June_15_1904_jpg,SB_Tribune_June_15_1904_jpg,SB_Tribune_June_15_1904.jpg,South Bend Tribune,"South Bend, Indiana, US",15/06/1904,June,06,15,1904,image/jpeg,,South Bend Tribune
SB_Tribune_June_17_1903_jpg,SB_Tribune_June_17_1903_jpg,SB_Tribune_June_17_1903.jpg,South Bend Tribune,"South Bend, Indiana, US",17/06/1903,June,06,17,1903,image/jpeg,,South Bend Tribune
SB_Tribune_March_25_1903_jpg,SB_Tribune_March_25_1903_jpg,SB_Tribune_March_25_1903.jpg,South Bend Tribune,"South Bend, Indiana, US",25/03/1903,March,03,25,1903,image/jpeg,,South Bend Tribune
SB_Tribune_May_27_1903_(1)_jpg,SB_Tribune_May_27_1903_(1)_jpg,SB_Tribune_May_27_1903_(1).jpg,South Bend Tribune,"South Bend, Indiana, US",27/05/1903,May,05,27,1903,image/jpeg,,South Bend Tribune
SB_Tribune_May_27_1903_jpg,SB_Tribune_May_27_1903_jpg,SB_Tribune_May_27_1903.jpg,South Bend Tribune,"South Bend, Indiana, US",27/05/1903,May,05,27,1903,image/jpeg,,South Bend Tribune
SB_Tribune_November_23_1904_jpg,SB_Tribune_November_23_1904_jpg,SB_Tribune_November_23_1904.jpg,South Bend Tribune,"South Bend, Indiana, US",23/11/1904,November,11,23,1904,image/jpeg,,South Bend Tribune
SB_Tribune_October_28_1903_jpg,SB_Tribune_October_28_1903_jpg,SB_Tribune_October_28_1903.jpg,South Bend Tribune,"South Bend, Indiana, US",28/10/1903,October,10,28,1903,image/jpeg,,South Bend Tribune
SB_Tribune_October_4_1995_jpg,SB_Tribune_October_4_1995_jpg,SB_Tribune_October_4_1995.jpg,South Bend Tribune,"South Bend, Indiana, US",04/10/1995,October,10,04,1995,image/jpeg,,South Bend Tribune
SB_Tribune_October_5_1904_jpg,SB_Tribune_October_5_1904_jpg,SB_Tribune_October_5_1904.jpg,South Bend Tribune,"South Bend, Indiana, US",05/10/1904,October,10,05,1904,image/jpeg,,South Bend Tribune
SB_Tribune_October_7_1903_jpg,SB_Tribune_October_7_1903_jpg,SB_Tribune_October_7_1903.jpg,South Bend Tribune,"South Bend, Indiana, US",07/10/1903,October,10,07,1903,image/jpeg,,South Bend Tribune
SB_Tribune_September_16_1903_jpg,SB_Tribune_September_16_1903_jpg,SB_Tribune_September_16_1903.jpg,South Bend Tribune,"South Bend, Indiana, US",16/09/1903,September,09,16,1903,image/jpeg,,South Bend Tribune
SB_Tribune_September_30_1903_jpg,SB_Tribune_September_30_1903_jpg,SB_Tribune_September_30_1903.jpg,South Bend Tribune,"South Bend, Indiana, US",30/09/1903,September,09,30,1903,image/jpeg,,South Bend Tribune
SB_Tribune_June_21_1904_jpg,SB_Tribune_June_21_1904_jpg,SB_Tribune_June_21_1904.jpg,South Bend Tribune,"South Bend, Indiana, US",21/06/1904,June,06,21,1904,image/jpeg,,South Bend Tribune